/*
SQLyog Enterprise - MySQL GUI v8.12 
MySQL - 5.6.39-83.1 : Database - transdat_validator
*********************************************************************
*/

/*!40101 SET NAMES utf8 */;

/*!40101 SET SQL_MODE=''*/;

/*!40014 SET @OLD_FOREIGN_KEY_CHECKS=@@FOREIGN_KEY_CHECKS, FOREIGN_KEY_CHECKS=0 */;
/*!40101 SET @OLD_SQL_MODE=@@SQL_MODE, SQL_MODE='NO_AUTO_VALUE_ON_ZERO' */;

CREATE DATABASE /*!32312 IF NOT EXISTS*/`transdat_validator` /*!40100 DEFAULT CHARACTER SET utf8 COLLATE utf8_unicode_ci */;

USE `transdat_validator`;

/*Table structure for table `batch_details` */

DROP TABLE IF EXISTS `batch_details`;

CREATE TABLE `batch_details` (
  `id` int(11) NOT NULL AUTO_INCREMENT,
  `uploader_id` int(11) NOT NULL,
  `is_sales_force` int(11) DEFAULT '0',
  `is_email_verified` int(25) NOT NULL DEFAULT '0',
  `client_id` int(11) NOT NULL,
  `batch_process_bit` int(11) DEFAULT NULL,
  `total_record_count` int(11) DEFAULT NULL,
  `batch_name` varchar(191) COLLATE utf8_unicode_ci NOT NULL,
  `status_id` int(11) DEFAULT NULL,
  `instructions` varchar(191) COLLATE utf8_unicode_ci DEFAULT NULL,
  `due_date` timestamp NULL DEFAULT NULL,
  `created_at` timestamp NULL DEFAULT CURRENT_TIMESTAMP,
  PRIMARY KEY (`id`)
) ENGINE=MyISAM AUTO_INCREMENT=17 DEFAULT CHARSET=utf8 COLLATE=utf8_unicode_ci;

/*Data for the table `batch_details` */

insert  into `batch_details`(`id`,`uploader_id`,`is_sales_force`,`is_email_verified`,`client_id`,`batch_process_bit`,`total_record_count`,`batch_name`,`status_id`,`instructions`,`due_date`,`created_at`) values (5,47,0,0,21,NULL,20,'new data batch',3,'sdasada','2018-03-15 22:59:24','0000-00-00 00:00:00'),(4,47,0,0,21,NULL,20,'one more',4,'dsada','2018-03-15 22:55:12','0000-00-00 00:00:00'),(3,47,0,0,21,NULL,20,'new data batch',4,'dsads','2018-03-15 22:44:46','0000-00-00 00:00:00'),(6,47,0,0,21,NULL,20,'dsadsa',3,'asdsad','2018-07-22 14:00:00','2018-07-27 08:14:43'),(7,47,0,0,21,NULL,20,'Batch 12340987',1,'Need all data cleansed','2018-08-03 00:00:00','2018-07-27 08:14:48'),(8,47,0,0,21,NULL,20,'xxx',1,'dadsad','2018-07-22 14:00:00','2018-07-27 08:18:51'),(9,47,0,0,21,NULL,20,'dsad',1,'dsad','2018-07-03 14:00:00','2018-07-27 08:22:43'),(10,47,0,0,21,NULL,20,'dsad',1,'dsad','2018-07-03 14:00:00','2018-07-27 08:23:20'),(11,47,0,0,21,NULL,20,'new batch',1,'batch details','2018-07-11 14:00:00','2018-07-27 08:27:21'),(12,47,0,1,21,NULL,20,'fds',1,'dsadsa','2018-07-26 00:00:00','2018-07-27 11:52:35'),(13,47,0,1,21,NULL,20,'AAA batch 1',2,'dsadsa','2018-07-23 00:00:00','2018-07-27 11:54:39'),(14,47,0,0,21,NULL,20,'AAA batch 2',2,'Special','2018-07-31 00:00:00','2018-07-31 12:23:29'),(15,47,1,1,21,1,7,'sales force appi batch',1,'das','2018-08-28 00:00:00','2018-08-01 13:35:04'),(16,47,1,0,21,1,7,'SF batcch',1,'sfdsdfs','2018-08-28 00:00:00','2018-08-01 13:55:57');

/*Table structure for table `batch_log` */

DROP TABLE IF EXISTS `batch_log`;

CREATE TABLE `batch_log` (
  `id` int(10) unsigned NOT NULL AUTO_INCREMENT,
  `batch_status_id` int(11) NOT NULL,
  `batch_id` int(11) NOT NULL,
  `status_change_date` timestamp NOT NULL DEFAULT CURRENT_TIMESTAMP,
  `updated_by` int(11) NOT NULL,
  PRIMARY KEY (`id`)
) ENGINE=InnoDB AUTO_INCREMENT=14 DEFAULT CHARSET=utf8mb4 COLLATE=utf8mb4_unicode_ci;

/*Data for the table `batch_log` */

insert  into `batch_log`(`id`,`batch_status_id`,`batch_id`,`status_change_date`,`updated_by`) values (1,2,3,'2018-03-15 14:00:00',47),(2,3,3,'2018-03-15 14:00:00',26),(3,5,3,'2018-03-15 14:00:00',26),(4,2,4,'2018-03-15 14:00:00',47),(5,3,4,'2018-03-15 14:00:00',26),(6,5,4,'2018-03-15 14:00:00',26),(7,2,5,'2018-07-25 14:00:00',47),(8,2,6,'2018-07-31 00:00:00',47),(9,2,13,'2018-07-31 00:00:00',47),(10,2,13,'2018-07-31 00:00:00',47),(11,2,14,'2018-07-31 00:00:00',47),(12,3,5,'2018-07-31 00:00:00',54),(13,3,6,'2018-07-31 00:00:00',54);

/*Table structure for table `batch_status` */

DROP TABLE IF EXISTS `batch_status`;

CREATE TABLE `batch_status` (
  `id` int(10) unsigned NOT NULL AUTO_INCREMENT,
  `status` varchar(191) COLLATE utf8mb4_unicode_ci NOT NULL,
  PRIMARY KEY (`id`)
) ENGINE=InnoDB AUTO_INCREMENT=6 DEFAULT CHARSET=utf8mb4 COLLATE=utf8mb4_unicode_ci;

/*Data for the table `batch_status` */

insert  into `batch_status`(`id`,`status`) values (1,'Pending'),(2,'Submited'),(3,'In-Process'),(4,'Completed'),(5,'QA-Review');

/*Table structure for table `client` */

DROP TABLE IF EXISTS `client`;

CREATE TABLE `client` (
  `id` int(10) unsigned NOT NULL AUTO_INCREMENT,
  `organization_name` varchar(191) COLLATE utf8mb4_unicode_ci NOT NULL,
  `contact_first_name` varchar(191) COLLATE utf8mb4_unicode_ci NOT NULL,
  `contact_last_name` varchar(191) COLLATE utf8mb4_unicode_ci NOT NULL,
  `contact_person_email` varchar(191) COLLATE utf8mb4_unicode_ci NOT NULL,
  `contact__person_phoneNumber` varchar(191) COLLATE utf8mb4_unicode_ci NOT NULL,
  `address1` varchar(191) COLLATE utf8mb4_unicode_ci NOT NULL,
  `address2` varchar(191) COLLATE utf8mb4_unicode_ci NOT NULL,
  `country` varchar(191) COLLATE utf8mb4_unicode_ci NOT NULL,
  `city` varchar(191) COLLATE utf8mb4_unicode_ci NOT NULL,
  `state` varchar(191) COLLATE utf8mb4_unicode_ci NOT NULL,
  `zip` varchar(191) COLLATE utf8mb4_unicode_ci NOT NULL,
  `created_at` timestamp NOT NULL DEFAULT CURRENT_TIMESTAMP ON UPDATE CURRENT_TIMESTAMP,
  PRIMARY KEY (`id`),
  UNIQUE KEY `client_contact_person_email_unique` (`contact_person_email`)
) ENGINE=InnoDB AUTO_INCREMENT=38 DEFAULT CHARSET=utf8mb4 COLLATE=utf8mb4_unicode_ci;

/*Data for the table `client` */

insert  into `client`(`id`,`organization_name`,`contact_first_name`,`contact_last_name`,`contact_person_email`,`contact__person_phoneNumber`,`address1`,`address2`,`country`,`city`,`state`,`zip`,`created_at`) values (21,'Trans Data','hecki','client','heckias47@gmail.com','521321ds32','','','23d1as3','','','','2018-02-05 21:12:42'),(25,'Osman llc','Osman','Khalid','usman@transdata.biz','031245645','','','lahr','','','','2018-02-08 23:10:06'),(26,'ammad llc','ammad','samar','ammadsamar11@gmail.com','1231321','','','lhr','','','','2018-02-09 00:08:20'),(34,'Fiaz llc','muhammad','fiaz','muhammad.fiaz@transdata.biz','03104852112','lahore','lahore','pakistan','lahore','punjab','55055','2018-02-11 19:25:35'),(35,'ali baba','hecki','al','almajoun@gmail.com','+(92)310 485-2112','lahore','lahore22','pakistan','lahore','punjab','554211','2018-03-15 22:26:36'),(36,'50 shades','shabaz','javed','ammad@transdata.biz','+(01)282 828-2929','h no 1','gulshan','pakistan','lahore','pujab','54000','2018-07-31 10:01:00'),(37,'50 shades of web','shabaz','javed','raza.imran@transdata.biz','+(01)282 828-2929','h no 1','gulshan','pakistan','lahore','pujab','54000','2018-07-31 10:01:23');

/*Table structure for table `company_managers` */

DROP TABLE IF EXISTS `company_managers`;

CREATE TABLE `company_managers` (
  `id` int(11) NOT NULL AUTO_INCREMENT,
  `user_id` int(11) NOT NULL,
  `client_id` int(11) NOT NULL,
  `created_at` timestamp NULL DEFAULT NULL,
  `updated_at` timestamp NULL DEFAULT NULL,
  PRIMARY KEY (`id`)
) ENGINE=InnoDB AUTO_INCREMENT=37 DEFAULT CHARSET=utf8mb4 COLLATE=utf8mb4_unicode_ci;

/*Data for the table `company_managers` */

insert  into `company_managers`(`id`,`user_id`,`client_id`,`created_at`,`updated_at`) values (25,25,21,'2018-01-31 12:25:33','2018-08-01 18:38:10'),(26,25,24,'2018-02-01 12:39:07','2018-02-06 12:48:21'),(27,26,25,'2018-02-08 18:19:44','2018-08-01 18:38:24'),(28,25,26,'2018-02-08 19:19:11','2018-02-08 19:19:11'),(29,25,30,'2018-02-11 13:10:09','2018-02-11 13:10:09'),(30,25,31,'2018-02-11 13:28:09','2018-02-11 13:28:09'),(31,25,32,'2018-02-11 13:42:07','2018-02-11 13:42:07'),(32,25,33,'2018-02-11 14:04:53','2018-02-11 14:04:53'),(33,25,34,'2018-02-11 14:25:35','2018-08-01 18:38:17'),(34,25,35,'2018-03-16 03:26:36','2018-03-16 03:26:36'),(35,25,36,'2018-07-31 15:01:00','2018-07-31 15:01:00'),(36,26,37,'2018-07-31 15:01:23','2018-08-01 18:38:29');

/*Table structure for table `compare_data` */

DROP TABLE IF EXISTS `compare_data`;

CREATE TABLE `compare_data` (
  `id` int(10) NOT NULL,
  `batch_id` int(11) NOT NULL,
  `first_name` varchar(191) COLLATE utf8mb4_unicode_ci NOT NULL,
  `last_name` varchar(191) COLLATE utf8mb4_unicode_ci NOT NULL,
  `company_name` varchar(191) COLLATE utf8mb4_unicode_ci DEFAULT NULL,
  `title` varchar(191) COLLATE utf8mb4_unicode_ci DEFAULT NULL,
  `email1` varchar(191) COLLATE utf8mb4_unicode_ci DEFAULT NULL,
  `email2` varchar(191) COLLATE utf8mb4_unicode_ci DEFAULT NULL,
  `email3` varchar(191) COLLATE utf8mb4_unicode_ci DEFAULT NULL,
  `phone_number1` varchar(191) COLLATE utf8mb4_unicode_ci DEFAULT NULL,
  `phone_number2` varchar(191) COLLATE utf8mb4_unicode_ci DEFAULT NULL,
  `phone_number3` varchar(191) COLLATE utf8mb4_unicode_ci DEFAULT NULL,
  `address1` varchar(191) COLLATE utf8mb4_unicode_ci DEFAULT NULL,
  `address2` varchar(191) COLLATE utf8mb4_unicode_ci DEFAULT NULL,
  `validation` varchar(191) COLLATE utf8mb4_unicode_ci DEFAULT NULL,
  `disposition` varchar(191) COLLATE utf8mb4_unicode_ci DEFAULT NULL,
  `city` varchar(191) COLLATE utf8mb4_unicode_ci DEFAULT NULL,
  `state` varchar(191) COLLATE utf8mb4_unicode_ci DEFAULT NULL,
  `zip` varchar(191) COLLATE utf8mb4_unicode_ci DEFAULT NULL,
  `country` varchar(191) COLLATE utf8mb4_unicode_ci DEFAULT NULL,
  `created_at` timestamp NULL DEFAULT CURRENT_TIMESTAMP,
  `health_status` varchar(191) COLLATE utf8mb4_unicode_ci DEFAULT NULL
) ENGINE=InnoDB DEFAULT CHARSET=utf8mb4 COLLATE=utf8mb4_unicode_ci;

/*Data for the table `compare_data` */

insert  into `compare_data`(`id`,`batch_id`,`first_name`,`last_name`,`company_name`,`title`,`email1`,`email2`,`email3`,`phone_number1`,`phone_number2`,`phone_number3`,`address1`,`address2`,`validation`,`disposition`,`city`,`state`,`zip`,`country`,`created_at`,`health_status`) values (27,3,'Philip','High',NULL,'OWNER',NULL,NULL,NULL,NULL,NULL,NULL,'New York','IA','','',NULL,NULL,NULL,NULL,'2018-03-15 22:52:57','Good Record'),(28,3,'Alex','Toren',NULL,'MANAGER',NULL,NULL,NULL,NULL,NULL,NULL,'Mandi bahaudin','CA','','',NULL,NULL,NULL,NULL,'2018-03-15 22:52:57','Good Record'),(29,3,'Dera','Campbell',NULL,'SENIOR DIRECTOR ',NULL,NULL,NULL,NULL,NULL,NULL,'Sheikhupura','CA','','',NULL,NULL,NULL,NULL,'2018-03-15 22:52:57','Good Record'),(30,3,'Sarah','Dauerman',NULL,'AUDIT STAFF ',NULL,NULL,NULL,NULL,NULL,NULL,'Landikottal','PN','','',NULL,NULL,NULL,NULL,'2018-03-15 22:52:57','Good Record'),(31,3,'Chantel','Hatton',NULL,'RSVP PROGRAM COORDINATOR',NULL,NULL,NULL,NULL,NULL,NULL,'Faislabad','FL','','',NULL,NULL,NULL,NULL,'2018-03-15 22:52:57','Good Record'),(32,3,'Janelle','T Steinberg',NULL,'SENIOR LOAN OFFICER ',NULL,NULL,NULL,NULL,NULL,NULL,'Gujjaranwalla','TX','','',NULL,NULL,NULL,NULL,'2018-03-15 22:52:57','Good Record'),(33,3,'Deepak','Jain',NULL,'STRATEGIC ACCOUNT MANAGER',NULL,NULL,NULL,NULL,NULL,NULL,'New York','CA','','',NULL,NULL,NULL,NULL,'2018-03-15 22:52:57','Good Record'),(34,3,'Dulce','Baranda',NULL,'SENIOR APPLICATION SPECIALIST',NULL,NULL,NULL,NULL,NULL,NULL,'Mandi bahaudin','CA','','',NULL,NULL,NULL,NULL,'2018-03-15 22:52:57','Good Record'),(35,3,'Sam','Pung',NULL,'OWNER',NULL,NULL,NULL,NULL,NULL,NULL,'Sheikhupura','TN','','',NULL,NULL,NULL,NULL,'2018-03-15 22:52:57','Good Record'),(36,3,'Darla','Martin',NULL,'ASSOCIATE',NULL,NULL,NULL,NULL,NULL,NULL,'Landikottal','IL','','',NULL,NULL,NULL,NULL,'2018-03-15 22:52:57','Good Record'),(37,3,'Kanwarpreet','S Sethi',NULL,'SENIOR SOFTWARE ARCHITECT ',NULL,NULL,NULL,NULL,NULL,NULL,'Faislabad','VT','','',NULL,NULL,NULL,NULL,'2018-03-15 22:52:57','Good Record'),(38,3,'Frank','Bernier',NULL,'COLLEGE PLACEMENT COORDINATOR, WORKS',NULL,NULL,NULL,NULL,NULL,NULL,'Gujjaranwalla','MI','','',NULL,NULL,NULL,NULL,'2018-03-15 22:52:57','Good Record'),(39,3,'Liz','Brown-higdon',NULL,'SITE MANAGER',NULL,NULL,NULL,NULL,NULL,NULL,'New York','VT','','',NULL,NULL,NULL,NULL,'2018-03-15 22:52:57','Good Record'),(40,3,'Mike','Skibicki',NULL,'CEO',NULL,NULL,NULL,NULL,NULL,NULL,'Mandi bahaudin','GA','','',NULL,NULL,NULL,NULL,'2018-03-15 22:52:57','Good Record'),(41,3,'Julie','Fitzwater',NULL,'CONTROLLER',NULL,NULL,NULL,NULL,NULL,NULL,'Sheikhupura','IL','','',NULL,NULL,NULL,NULL,'2018-03-15 22:52:57','Good Record'),(42,3,'Jill','Saulen',NULL,'CUSTOMER SERVICE REPRESENTATIVE ',NULL,NULL,NULL,NULL,NULL,NULL,'Landikottal','OK','','',NULL,NULL,NULL,NULL,'2018-03-15 22:52:57','Good Record'),(43,3,'Denise','Thompson',NULL,'FOUNDER',NULL,NULL,NULL,NULL,NULL,NULL,'Faislabad','OH','','',NULL,NULL,NULL,NULL,'2018-03-15 22:52:57','Good Record'),(44,3,'Dan','Moldenhauer',NULL,'ACCOUNT DIRECTOR',NULL,NULL,NULL,NULL,NULL,NULL,'Gujjaranwalla','TX','','',NULL,NULL,NULL,NULL,'2018-03-15 22:52:57','Good Record'),(45,3,'Alpheus','Seabi',NULL,'FINANCE DEPARTMENT',NULL,NULL,NULL,NULL,NULL,NULL,'New York','PN','','',NULL,NULL,NULL,NULL,'2018-03-15 22:52:57','Good Record'),(46,3,'Alex','B Rainville',NULL,'SUMMER ASSOCIATE ',NULL,NULL,NULL,NULL,NULL,NULL,'Mandi bahaudin','ME','','',NULL,NULL,NULL,NULL,'2018-03-15 22:52:57','Good Record'),(47,4,'Philip','High',NULL,'Philip',NULL,NULL,NULL,NULL,NULL,NULL,'Philip','Philip','','',NULL,NULL,NULL,NULL,'2018-03-15 22:56:13','Good Record'),(48,4,'Alex','Toren',NULL,'Alex',NULL,NULL,NULL,NULL,NULL,NULL,'Alex','Alex','','',NULL,NULL,NULL,NULL,'2018-03-15 22:56:13','Good Record'),(49,4,'Dera','Campbell',NULL,'Dera',NULL,NULL,NULL,NULL,NULL,NULL,'Dera','Dera','','',NULL,NULL,NULL,NULL,'2018-03-15 22:56:13','Good Record'),(50,4,'Sarah','Dauerman',NULL,'Sarah',NULL,NULL,NULL,NULL,NULL,NULL,'Sarah','Sarah','','',NULL,NULL,NULL,NULL,'2018-03-15 22:56:13','Good Record'),(51,4,'Chantel','Hatton',NULL,'Chantel',NULL,NULL,NULL,NULL,NULL,NULL,'Chantel','Chantel','','',NULL,NULL,NULL,NULL,'2018-03-15 22:56:13','Good Record'),(52,4,'Janelle','T Steinberg',NULL,'Janelle',NULL,NULL,NULL,NULL,NULL,NULL,'Janelle','Janelle','','',NULL,NULL,NULL,NULL,'2018-03-15 22:56:13','Good Record'),(53,4,'Deepak','Jain',NULL,'Deepak',NULL,NULL,NULL,NULL,NULL,NULL,'Deepak','Deepak','','',NULL,NULL,NULL,NULL,'2018-03-15 22:56:13','Good Record'),(54,4,'Dulce','Baranda',NULL,'Dulce',NULL,NULL,NULL,NULL,NULL,NULL,'Dulce','Dulce','','',NULL,NULL,NULL,NULL,'2018-03-15 22:56:13','Good Record'),(55,4,'Sam','Pung',NULL,'Sam',NULL,NULL,NULL,NULL,NULL,NULL,'Sam','Sam','','',NULL,NULL,NULL,NULL,'2018-03-15 22:56:13','Good Record'),(56,4,'Darla','Martin',NULL,'Darla',NULL,NULL,NULL,NULL,NULL,NULL,'Darla','Darla','','',NULL,NULL,NULL,NULL,'2018-03-15 22:56:13','Good Record'),(57,4,'Kanwarpreet','S Sethi',NULL,'Kanwarpreet',NULL,NULL,NULL,NULL,NULL,NULL,'Kanwarpreet','Kanwarpreet','','',NULL,NULL,NULL,NULL,'2018-03-15 22:56:13','Good Record'),(58,4,'Frank','Bernier',NULL,'Frank',NULL,NULL,NULL,NULL,NULL,NULL,'Frank','Frank','','',NULL,NULL,NULL,NULL,'2018-03-15 22:56:13','Good Record'),(59,4,'Liz','Brown-higdon',NULL,'Liz',NULL,NULL,NULL,NULL,NULL,NULL,'Liz','Liz','','',NULL,NULL,NULL,NULL,'2018-03-15 22:56:13','Good Record'),(60,4,'Mike','Skibicki',NULL,'Mike',NULL,NULL,NULL,NULL,NULL,NULL,'Mike','Mike','','',NULL,NULL,NULL,NULL,'2018-03-15 22:56:13','Good Record'),(61,4,'Julie','Fitzwater',NULL,'Julie',NULL,NULL,NULL,NULL,NULL,NULL,'Julie','Julie','','',NULL,NULL,NULL,NULL,'2018-03-15 22:56:13','Good Record'),(62,4,'Jill','Saulen',NULL,'Jill',NULL,NULL,NULL,NULL,NULL,NULL,'Jill','Jill','','',NULL,NULL,NULL,NULL,'2018-03-15 22:56:13','Good Record'),(63,4,'Denise','Thompson',NULL,'Denise',NULL,NULL,NULL,NULL,NULL,NULL,'Denise','Denise','','',NULL,NULL,NULL,NULL,'2018-03-15 22:56:13','Good Record'),(64,4,'Dan','Moldenhauer',NULL,'Dan',NULL,NULL,NULL,NULL,NULL,NULL,'Dan','Dan','','',NULL,NULL,NULL,NULL,'2018-03-15 22:56:13','Good Record'),(65,4,'Alpheus','Seabi',NULL,'Alpheus',NULL,NULL,NULL,NULL,NULL,NULL,'Alpheus','Alpheus','','',NULL,NULL,NULL,NULL,'2018-03-15 22:56:13','Good Record'),(66,4,'Alex','B Rainville',NULL,'Alex',NULL,NULL,NULL,NULL,NULL,NULL,'Alex','Alex','','',NULL,NULL,NULL,NULL,'2018-03-15 22:56:13','Good Record');

/*Table structure for table `contact_health` */

DROP TABLE IF EXISTS `contact_health`;

CREATE TABLE `contact_health` (
  `id` int(10) unsigned NOT NULL AUTO_INCREMENT,
  `health_status` varchar(191) COLLATE utf8mb4_unicode_ci NOT NULL,
  PRIMARY KEY (`id`)
) ENGINE=InnoDB DEFAULT CHARSET=utf8mb4 COLLATE=utf8mb4_unicode_ci;

/*Data for the table `contact_health` */

/*Table structure for table `content_batch` */

DROP TABLE IF EXISTS `content_batch`;

CREATE TABLE `content_batch` (
  `id` int(10) unsigned NOT NULL AUTO_INCREMENT,
  `sf_id` varchar(191) COLLATE utf8mb4_unicode_ci DEFAULT NULL,
  `batch_id` int(11) NOT NULL,
  `first_name` varchar(191) COLLATE utf8mb4_unicode_ci NOT NULL,
  `last_name` varchar(191) COLLATE utf8mb4_unicode_ci NOT NULL,
  `company_name` varchar(191) COLLATE utf8mb4_unicode_ci DEFAULT NULL,
  `title` varchar(191) COLLATE utf8mb4_unicode_ci DEFAULT NULL,
  `email1` varchar(191) COLLATE utf8mb4_unicode_ci DEFAULT NULL,
  `email2` varchar(191) COLLATE utf8mb4_unicode_ci DEFAULT NULL,
  `email3` varchar(191) COLLATE utf8mb4_unicode_ci DEFAULT NULL,
  `phone_number1` varchar(191) COLLATE utf8mb4_unicode_ci DEFAULT NULL,
  `phone_number2` varchar(191) COLLATE utf8mb4_unicode_ci DEFAULT NULL,
  `phone_number3` varchar(191) COLLATE utf8mb4_unicode_ci DEFAULT NULL,
  `address1` varchar(191) COLLATE utf8mb4_unicode_ci DEFAULT NULL,
  `address2` varchar(191) COLLATE utf8mb4_unicode_ci DEFAULT NULL,
  `address3` varchar(191) COLLATE utf8mb4_unicode_ci DEFAULT NULL,
  `city` varchar(191) COLLATE utf8mb4_unicode_ci DEFAULT NULL,
  `state` varchar(191) COLLATE utf8mb4_unicode_ci DEFAULT NULL,
  `zip` varchar(191) COLLATE utf8mb4_unicode_ci DEFAULT NULL,
  `country` varchar(191) COLLATE utf8mb4_unicode_ci DEFAULT NULL,
  `disposition` varchar(191) COLLATE utf8mb4_unicode_ci DEFAULT NULL,
  `validation` varchar(191) COLLATE utf8mb4_unicode_ci DEFAULT NULL,
  `health_status` varchar(191) COLLATE utf8mb4_unicode_ci DEFAULT NULL,
  `created_date` timestamp NULL DEFAULT NULL,
  `updated_date` timestamp NULL DEFAULT NULL,
  PRIMARY KEY (`id`)
) ENGINE=InnoDB AUTO_INCREMENT=274 DEFAULT CHARSET=utf8mb4 COLLATE=utf8mb4_unicode_ci;

/*Data for the table `content_batch` */

insert  into `content_batch`(`id`,`sf_id`,`batch_id`,`first_name`,`last_name`,`company_name`,`title`,`email1`,`email2`,`email3`,`phone_number1`,`phone_number2`,`phone_number3`,`address1`,`address2`,`address3`,`city`,`state`,`zip`,`country`,`disposition`,`validation`,`health_status`,`created_date`,`updated_date`) values (27,NULL,3,'Philip','High',NULL,'OWNER','jamshed.Farzand@gmail.com',NULL,NULL,'(319) 377-1899',NULL,NULL,'New York','IA',NULL,'New York','IA','4341','United States','','','Good Record',NULL,NULL),(28,NULL,3,'Alex','Toren',NULL,'MANAGER','Ammadsamar@gmail.com',NULL,NULL,'(805) 381-9111',NULL,NULL,'Mandi bahaudin','CA',NULL,'Mandi bahaudin','CA','4341','United States','','','Good Record',NULL,NULL),(29,NULL,3,'Dera','Campbell',NULL,'SENIOR DIRECTOR ','mshafiq@gmail.com',NULL,NULL,'(415) 203-8536',NULL,NULL,'Sheikhupura','CA',NULL,'Sheikhupura','CA','4341','United States','','','Good Record',NULL,NULL),(30,NULL,3,'Sarah','Dauerman',NULL,'AUDIT STAFF ','hector@gmail.com',NULL,NULL,'(614) 586-7141',NULL,NULL,'Landikottal','PN',NULL,'Landikottal','PN','4341','United States','','','Good Record',NULL,NULL),(31,NULL,3,'Chantel','Hatton',NULL,'RSVP PROGRAM COORDINATOR','usman@td.biz',NULL,NULL,'(904) 807-2018',NULL,NULL,'Faislabad','FL',NULL,'Faislabad','FL','4341','United States','','','Good Record',NULL,NULL),(32,NULL,3,'Janelle','T Steinberg',NULL,'SENIOR LOAN OFFICER ','jamshed.Farzand@gmail.com',NULL,NULL,'(425) 947-1961',NULL,NULL,'Gujjaranwalla','TX',NULL,'Gujjaranwalla','TX','4341','United States','','','Good Record',NULL,NULL),(33,NULL,3,'Deepak','Jain',NULL,'STRATEGIC ACCOUNT MANAGER','Ammadsamar@gmail.com',NULL,NULL,NULL,NULL,NULL,'New York','CA',NULL,'New York','CA','4341','United States','','','Good Record',NULL,NULL),(34,NULL,3,'Dulce','Baranda',NULL,'SENIOR APPLICATION SPECIALIST','mshafiq@gmail.com',NULL,NULL,NULL,NULL,NULL,'Mandi bahaudin','CA',NULL,'Mandi bahaudin','CA','4341','United States','','','Good Record',NULL,NULL),(35,NULL,3,'Sam','Pung',NULL,'OWNER','hector@gmail.com',NULL,NULL,'(901) 495-6500',NULL,NULL,'Sheikhupura','TN',NULL,'Sheikhupura','TN','4341','United States','','','Good Record',NULL,NULL),(36,NULL,3,'Darla','Martin',NULL,'ASSOCIATE','usman@td.biz',NULL,NULL,'(312) 880-3513',NULL,NULL,'Landikottal','IL',NULL,'Landikottal','IL','4341','United States','','','Good Record',NULL,NULL),(37,NULL,3,'Kanwarpreet','S Sethi',NULL,'SENIOR SOFTWARE ARCHITECT ','jamshed.Farzand@gmail.com',NULL,NULL,'(215) 279-7831',NULL,NULL,'Faislabad','VT',NULL,'Faislabad','VT','4341','United States','','','Good Record',NULL,NULL),(38,NULL,3,'Frank','Bernier',NULL,'COLLEGE PLACEMENT COORDINATOR, WORKS','Ammadsamar@gmail.com',NULL,NULL,'(517) 267-2111',NULL,NULL,'Gujjaranwalla','MI',NULL,'Gujjaranwalla','MI','4341','United States','','','Good Record',NULL,NULL),(39,NULL,3,'Liz','Brown-higdon',NULL,'SITE MANAGER','mshafiq@gmail.com',NULL,NULL,'(802) 655-2536',NULL,NULL,'New York','VT',NULL,'New York','VT','4341','United States','','','Good Record',NULL,NULL),(40,NULL,3,'Mike','Skibicki',NULL,'CEO','hector@gmail.com',NULL,NULL,'(706) 692-5488',NULL,NULL,'Mandi bahaudin','GA',NULL,'Mandi bahaudin','GA','4341','United States','','','Good Record',NULL,NULL),(41,NULL,3,'Julie','Fitzwater',NULL,'CONTROLLER','usman@td.biz',NULL,NULL,'(847) 356-2323',NULL,NULL,'Sheikhupura','IL',NULL,'Sheikhupura','IL','4341','United States','','','Good Record',NULL,NULL),(42,NULL,3,'Jill','Saulen',NULL,'CUSTOMER SERVICE REPRESENTATIVE ','jamshed.Farzand@gmail.com',NULL,NULL,'(918) 446-6672',NULL,NULL,'Landikottal','OK',NULL,'Landikottal','OK','4341','United States','','','Good Record',NULL,NULL),(43,NULL,3,'Denise','Thompson',NULL,'FOUNDER','Ammadsamar@gmail.com',NULL,NULL,NULL,NULL,NULL,'Faislabad','OH',NULL,'Faislabad','OH','4341','United States','','','Good Record',NULL,NULL),(44,NULL,3,'Dan','Moldenhauer',NULL,'ACCOUNT DIRECTOR','mshafiq@gmail.com',NULL,NULL,'(210) 829-9000',NULL,NULL,'Gujjaranwalla','TX',NULL,'Gujjaranwalla','TX','4341','United States','','','Good Record',NULL,NULL),(45,NULL,3,'Alpheus','Seabi',NULL,'FINANCE DEPARTMENT','hector@gmail.com',NULL,NULL,'2711541109',NULL,NULL,'New York','PN',NULL,'New York','PN','4341','United States','','','Good Record',NULL,NULL),(46,NULL,3,'Alex','B Rainville',NULL,'SUMMER ASSOCIATE ','usman@td.biz',NULL,NULL,'(402) 964-2745',NULL,NULL,'Mandi bahaudin','ME',NULL,'Mandi bahaudin','ME','4341','United States','','','Good Record',NULL,NULL),(47,NULL,4,'Philip','High',NULL,'Philip','jamshed.Farzand@gmail.com',NULL,NULL,'Philip','Philip','Philip','Philip','Philip',NULL,'Philip','Philip','Philip','Philip','','','Good Record',NULL,NULL),(48,NULL,4,'Alex','Toren',NULL,'Alex','Ammadsamar@gmail.com',NULL,NULL,'Alex','Alex','Alex','Alex','Alex',NULL,'Alex','Alex','Alex','Alex','','','Good Record',NULL,NULL),(49,NULL,4,'Dera','Campbell',NULL,'Dera','mshafiq@gmail.com',NULL,NULL,'Dera','Dera','Dera','Dera','Dera',NULL,'Dera','Dera','Dera','Dera','','','Good Record',NULL,NULL),(50,NULL,4,'Sarah','Dauerman',NULL,'Sarah','hector@gmail.com',NULL,NULL,'Sarah','Sarah','Sarah','Sarah','Sarah',NULL,'Sarah','Sarah','Sarah','Sarah','','','Good Record',NULL,NULL),(51,NULL,4,'Chantel','Hatton',NULL,'Chantel','usman@td.biz',NULL,NULL,'Chantel','Chantel','Chantel','Chantel','Chantel',NULL,'Chantel','Chantel','Chantel','Chantel','','','Good Record',NULL,NULL),(52,NULL,4,'Janelle','T Steinberg',NULL,'Janelle','jamshed.Farzand@gmail.com',NULL,NULL,'Janelle','Janelle','Janelle','Janelle','Janelle',NULL,'Janelle','Janelle','Janelle','Janelle','','','Good Record',NULL,NULL),(53,NULL,4,'Deepak','Jain',NULL,'Deepak','Ammadsamar@gmail.com',NULL,NULL,'Deepak','Deepak','Deepak','Deepak','Deepak',NULL,'Deepak','Deepak','Deepak','Deepak','','','Good Record',NULL,NULL),(54,NULL,4,'Dulce','Baranda',NULL,'Dulce','mshafiq@gmail.com',NULL,NULL,'Dulce','Dulce','Dulce','Dulce','Dulce',NULL,'Dulce','Dulce','Dulce','Dulce','','','Good Record',NULL,NULL),(55,NULL,4,'Sam','Pung',NULL,'Sam','hector@gmail.com',NULL,NULL,'Sam','Sam','Sam','Sam','Sam',NULL,'Sam','Sam','Sam','Sam','','','Good Record',NULL,NULL),(56,NULL,4,'Darla','Martin',NULL,'Darla','usman@td.biz',NULL,NULL,'Darla','Darla','Darla','Darla','Darla',NULL,'Darla','Darla','Darla','Darla','','','Good Record',NULL,NULL),(57,NULL,4,'Kanwarpreet','S Sethi',NULL,'Kanwarpreet','jamshed.Farzand@gmail.com',NULL,NULL,'Kanwarpreet','Kanwarpreet','Kanwarpreet','Kanwarpreet','Kanwarpreet',NULL,'Kanwarpreet','Kanwarpreet','Kanwarpreet','Kanwarpreet','','','Good Record',NULL,NULL),(58,NULL,4,'Frank','Bernier',NULL,'Frank','Ammadsamar@gmail.com',NULL,NULL,'Frank','Frank','Frank','Frank','Frank',NULL,'Frank','Frank','Frank','Frank','','','Good Record',NULL,NULL),(59,NULL,4,'Liz','Brown-higdon',NULL,'Liz','mshafiq@gmail.com',NULL,NULL,'Liz','Liz','Liz','Liz','Liz',NULL,'Liz','Liz','Liz','Liz','','','Good Record',NULL,NULL),(60,NULL,4,'Mike','Skibicki',NULL,'Mike','hector@gmail.com',NULL,NULL,'Mike','Mike','Mike','Mike','Mike',NULL,'Mike','Mike','Mike','Mike','','','Good Record',NULL,NULL),(61,NULL,4,'Julie','Fitzwater',NULL,'Julie','usman@td.biz',NULL,NULL,'Julie','Julie','Julie','Julie','Julie',NULL,'Julie','Julie','Julie','Julie','','','Good Record',NULL,NULL),(62,NULL,4,'Jill','Saulen',NULL,'Jill','jamshed.Farzand@gmail.com',NULL,NULL,'Jill','Jill','Jill','Jill','Jill',NULL,'Jill','Jill','Jill','Jill','','','Good Record',NULL,NULL),(63,NULL,4,'Denise','Thompson',NULL,'Denise','Ammadsamar@gmail.com',NULL,NULL,'Denise','Denise','Denise','Denise','Denise',NULL,'Denise','Denise','Denise','Denise','','','Good Record',NULL,NULL),(64,NULL,4,'Dan','Moldenhauer',NULL,'Dan','mshafiq@gmail.com',NULL,NULL,'Dan','Dan','Dan','Dan','Dan',NULL,'Dan','Dan','Dan','Dan','','','Good Record',NULL,NULL),(65,NULL,4,'Alpheus','Seabi',NULL,'Alpheus','hector@gmail.com',NULL,NULL,'Alpheus','Alpheus','Alpheus','Alpheus','Alpheus',NULL,'Alpheus','Alpheus','Alpheus','Alpheus','','','Good Record',NULL,NULL),(66,NULL,4,'Alex','B Rainville',NULL,'Alex','usman@td.biz',NULL,NULL,'Alex','Alex','Alex','Alex','Alex',NULL,'Alex','Alex','Alex','Alex','','','Good Record',NULL,NULL),(67,NULL,5,'Philip','High','PHILIP S DIAMOND SHOP & DESIGN','OWNER','Philip','Philip',NULL,'Philip','Philip','Philip','Philip','Philip',NULL,'Philip','Philip','Philip','Philip','','','',NULL,NULL),(68,NULL,5,'Alex','Toren','Cybercopy','MANAGER','Alex','Alex',NULL,'Alex','Alex','Alex','Alex','Alex',NULL,'Alex','Alex','Alex','Alex','','','',NULL,NULL),(69,NULL,5,'Dera','Campbell','Anki','SENIOR DIRECTOR ','Dera','Dera',NULL,'Dera','Dera','Dera','Dera','Dera',NULL,'Dera','Dera','Dera','Dera','','','',NULL,NULL),(70,NULL,5,'Sarah','Dauerman','DCK Worldwide','AUDIT STAFF ','Sarah','Sarah',NULL,'Sarah','Sarah','Sarah','Sarah','Sarah',NULL,'Sarah','Sarah','Sarah','Sarah','','','',NULL,NULL),(71,NULL,5,'Chantel','Hatton','City of Jacksonville, Florida','RSVP PROGRAM COORDINATOR','Chantel','Chantel',NULL,'Chantel','Chantel','Chantel','Chantel','Chantel',NULL,'Chantel','Chantel','Chantel','Chantel','','','',NULL,NULL),(72,NULL,5,'Janelle','T Steinberg','LOANSTAR HOME LENDING','SENIOR LOAN OFFICER ','Janelle','Janelle',NULL,'Janelle','Janelle','Janelle','Janelle','Janelle',NULL,'Janelle','Janelle','Janelle','Janelle','','','',NULL,NULL),(73,NULL,5,'Deepak','Jain','SALESFORCE COM','STRATEGIC ACCOUNT MANAGER','Deepak','Deepak',NULL,'Deepak','Deepak','Deepak','Deepak','Deepak',NULL,'Deepak','Deepak','Deepak','Deepak','','','',NULL,NULL),(74,NULL,5,'Dulce','Baranda','CEDARS-SINAI MEDICAL CENTER','SENIOR APPLICATION SPECIALIST','Dulce','Dulce',NULL,'Dulce','Dulce','Dulce','Dulce','Dulce',NULL,'Dulce','Dulce','Dulce','Dulce','','','',NULL,NULL),(75,NULL,5,'Sam','Pung','AutoZone','OWNER','Sam','Sam',NULL,'Sam','Sam','Sam','Sam','Sam',NULL,'Sam','Sam','Sam','Sam','','','',NULL,NULL),(76,NULL,5,'Darla','Martin','Huron Consulting Group Inc.','ASSOCIATE','Darla','Darla',NULL,'Darla','Darla','Darla','Darla','Darla',NULL,'Darla','Darla','Darla','Darla','','','',NULL,NULL),(77,NULL,5,'Kanwarpreet','S Sethi','LANTANA CONSULTING GROUP','SENIOR SOFTWARE ARCHITECT ','Kanwarpreet','Kanwarpreet',NULL,'Kanwarpreet','Kanwarpreet','Kanwarpreet','Kanwarpreet','Kanwarpreet',NULL,'Kanwarpreet','Kanwarpreet','Kanwarpreet','Kanwarpreet','','','',NULL,NULL),(78,NULL,5,'Frank','Bernier','Lansing Catholic Central High School','COLLEGE PLACEMENT COORDINATOR, WORKS','Frank','Frank',NULL,'Frank','Frank','Frank','Frank','Frank',NULL,'Frank','Frank','Frank','Frank','','','',NULL,NULL),(79,NULL,5,'Liz','Brown-higdon','SHAW S OSCO PHARMACY','SITE MANAGER','Liz','Liz',NULL,'Liz','Liz','Liz','Liz','Liz',NULL,'Liz','Liz','Liz','Liz','','','',NULL,NULL),(80,NULL,5,'Mike','Skibicki','JEEP HUT','CEO','Mike','Mike',NULL,'Mike','Mike','Mike','Mike','Mike',NULL,'Mike','Mike','Mike','Mike','','','',NULL,NULL),(81,NULL,5,'Julie','Fitzwater','Vonco Products','CONTROLLER','Julie','Julie',NULL,'Julie','Julie','Julie','Julie','Julie',NULL,'Julie','Julie','Julie','Julie','','','',NULL,NULL),(82,NULL,5,'Jill','Saulen','SULZER LTD','CUSTOMER SERVICE REPRESENTATIVE ','Jill','Jill',NULL,'Jill','Jill','Jill','Jill','Jill',NULL,'Jill','Jill','Jill','Jill','','','',NULL,NULL),(83,NULL,5,'Denise','Thompson','PNC BANK','FOUNDER','Denise','Denise',NULL,'Denise','Denise','Denise','Denise','Denise',NULL,'Denise','Denise','Denise','Denise','','','',NULL,NULL),(84,NULL,5,'Dan','Moldenhauer','Harte Hanks','ACCOUNT DIRECTOR','Dan','Dan',NULL,'Dan','Dan','Dan','Dan','Dan',NULL,'Dan','Dan','Dan','Dan','','','',NULL,NULL),(85,NULL,5,'Alpheus','Seabi','INTERNATIONAL SOS','FINANCE DEPARTMENT','Alpheus','Alpheus',NULL,'Alpheus','Alpheus','Alpheus','Alpheus','Alpheus',NULL,'Alpheus','Alpheus','Alpheus','Alpheus','','','',NULL,NULL),(86,NULL,5,'Alex','B Rainville','Vandenack Weaver','SUMMER ASSOCIATE ','Alex','Alex',NULL,'Alex','Alex','Alex','Alex','Alex',NULL,'Alex','Alex','Alex','Alex','','','',NULL,NULL),(87,NULL,6,'433','433','433','433','433','433',NULL,'433','433','433','433','433',NULL,'433','433','433','433','','','',NULL,NULL),(88,NULL,6,'434','434','434','434','434','434',NULL,'434','434','434','434','434',NULL,'434','434','434','434','','','',NULL,NULL),(89,NULL,6,'435','435','435','435','435','435',NULL,'435','435','435','435','435',NULL,'435','435','435','435','','','',NULL,NULL),(90,NULL,6,'436','436','436','436','436','436',NULL,'436','436','436','436','436',NULL,'436','436','436','436','','','',NULL,NULL),(91,NULL,6,'437','437','437','437','437','437',NULL,'437','437','437','437','437',NULL,'437','437','437','437','','','',NULL,NULL),(92,NULL,6,'438','438','438','438','438','438',NULL,'438','438','438','438','438',NULL,'438','438','438','438','','','',NULL,NULL),(93,NULL,6,'439','439','439','439','439','439',NULL,'439','439','439','439','439',NULL,'439','439','439','439','','','',NULL,NULL),(94,NULL,6,'440','440','440','440','440','440',NULL,'440','440','440','440','440',NULL,'440','440','440','440','','','',NULL,NULL),(95,NULL,6,'441','441','441','441','441','441',NULL,'441','441','441','441','441',NULL,'441','441','441','441','','','',NULL,NULL),(96,NULL,6,'442','442','442','442','442','442',NULL,'442','442','442','442','442',NULL,'442','442','442','442','','','',NULL,NULL),(97,NULL,6,'443','443','443','443','443','443',NULL,'443','443','443','443','443',NULL,'443','443','443','443','','','',NULL,NULL),(98,NULL,6,'444','444','444','444','444','444',NULL,'444','444','444','444','444',NULL,'444','444','444','444','','','',NULL,NULL),(99,NULL,6,'445','445','445','445','445','445',NULL,'445','445','445','445','445',NULL,'445','445','445','445','','','',NULL,NULL),(100,NULL,6,'446','446','446','446','446','446',NULL,'446','446','446','446','446',NULL,'446','446','446','446','','','',NULL,NULL),(101,NULL,6,'447','447','447','447','447','447',NULL,'447','447','447','447','447',NULL,'447','447','447','447','','','',NULL,NULL),(102,NULL,6,'448','448','448','448','448','448',NULL,'448','448','448','448','448',NULL,'448','448','448','448','','','',NULL,NULL),(103,NULL,6,'449','449','449','449','449','449',NULL,'449','449','449','449','449',NULL,'449','449','449','449','','','',NULL,NULL),(104,NULL,6,'450','450','450','450','450','450',NULL,'450','450','450','450','450',NULL,'450','450','450','450','','','',NULL,NULL),(105,NULL,6,'451','451','451','451','451','451',NULL,'451','451','451','451','451',NULL,'451','451','451','451','','','',NULL,NULL),(106,NULL,6,'452','452','452','452','452','452',NULL,'452','452','452','452','452',NULL,'452','452','452','452','','','',NULL,NULL),(107,NULL,7,'433','433','433','433','433','433',NULL,'433','433','433','433','433',NULL,'433','433','433','433','','','',NULL,NULL),(108,NULL,7,'434','434','434','434','434','434',NULL,'434','434','434','434','434',NULL,'434','434','434','434','','','',NULL,NULL),(109,NULL,7,'435','435','435','435','435','435',NULL,'435','435','435','435','435',NULL,'435','435','435','435','','','',NULL,NULL),(110,NULL,7,'436','436','436','436','436','436',NULL,'436','436','436','436','436',NULL,'436','436','436','436','','','',NULL,NULL),(111,NULL,7,'437','437','437','437','437','437',NULL,'437','437','437','437','437',NULL,'437','437','437','437','','','',NULL,NULL),(112,NULL,7,'438','438','438','438','438','438',NULL,'438','438','438','438','438',NULL,'438','438','438','438','','','',NULL,NULL),(113,NULL,7,'439','439','439','439','439','439',NULL,'439','439','439','439','439',NULL,'439','439','439','439','','','',NULL,NULL),(114,NULL,7,'440','440','440','440','440','440',NULL,'440','440','440','440','440',NULL,'440','440','440','440','','','',NULL,NULL),(115,NULL,7,'441','441','441','441','441','441',NULL,'441','441','441','441','441',NULL,'441','441','441','441','','','',NULL,NULL),(116,NULL,7,'442','442','442','442','442','442',NULL,'442','442','442','442','442',NULL,'442','442','442','442','','','',NULL,NULL),(117,NULL,7,'443','443','443','443','443','443',NULL,'443','443','443','443','443',NULL,'443','443','443','443','','','',NULL,NULL),(118,NULL,7,'444','444','444','444','444','444',NULL,'444','444','444','444','444',NULL,'444','444','444','444','','','',NULL,NULL),(119,NULL,7,'445','445','445','445','445','445',NULL,'445','445','445','445','445',NULL,'445','445','445','445','','','',NULL,NULL),(120,NULL,7,'446','446','446','446','446','446',NULL,'446','446','446','446','446',NULL,'446','446','446','446','','','',NULL,NULL),(121,NULL,7,'447','447','447','447','447','447',NULL,'447','447','447','447','447',NULL,'447','447','447','447','','','',NULL,NULL),(122,NULL,7,'448','448','448','448','448','448',NULL,'448','448','448','448','448',NULL,'448','448','448','448','','','',NULL,NULL),(123,NULL,7,'449','449','449','449','449','449',NULL,'449','449','449','449','449',NULL,'449','449','449','449','','','',NULL,NULL),(124,NULL,7,'450','450','450','450','450','450',NULL,'450','450','450','450','450',NULL,'450','450','450','450','','','',NULL,NULL),(125,NULL,7,'451','451','451','451','451','451',NULL,'451','451','451','451','451',NULL,'451','451','451','451','','','',NULL,NULL),(126,NULL,7,'452','452','452','452','452','452',NULL,'452','452','452','452','452',NULL,'452','452','452','452','','','',NULL,NULL),(127,NULL,8,'353','353','353','353','353','353',NULL,'353','353','353','353','353',NULL,'353','353','353','353','','','',NULL,NULL),(128,NULL,8,'354','354','354','354','354','354',NULL,'354','354','354','354','354',NULL,'354','354','354','354','','','',NULL,NULL),(129,NULL,8,'355','355','355','355','355','355',NULL,'355','355','355','355','355',NULL,'355','355','355','355','','','',NULL,NULL),(130,NULL,8,'356','356','356','356','356','356',NULL,'356','356','356','356','356',NULL,'356','356','356','356','','','',NULL,NULL),(131,NULL,8,'357','357','357','357','357','357',NULL,'357','357','357','357','357',NULL,'357','357','357','357','','','',NULL,NULL),(132,NULL,8,'358','358','358','358','358','358',NULL,'358','358','358','358','358',NULL,'358','358','358','358','','','',NULL,NULL),(133,NULL,8,'359','359','359','359','359','359',NULL,'359','359','359','359','359',NULL,'359','359','359','359','','','',NULL,NULL),(134,NULL,8,'360','360','360','360','360','360',NULL,'360','360','360','360','360',NULL,'360','360','360','360','','','',NULL,NULL),(135,NULL,8,'361','361','361','361','361','361',NULL,'361','361','361','361','361',NULL,'361','361','361','361','','','',NULL,NULL),(136,NULL,8,'362','362','362','362','362','362',NULL,'362','362','362','362','362',NULL,'362','362','362','362','','','',NULL,NULL),(137,NULL,8,'363','363','363','363','363','363',NULL,'363','363','363','363','363',NULL,'363','363','363','363','','','',NULL,NULL),(138,NULL,8,'364','364','364','364','364','364',NULL,'364','364','364','364','364',NULL,'364','364','364','364','','','',NULL,NULL),(139,NULL,8,'365','365','365','365','365','365',NULL,'365','365','365','365','365',NULL,'365','365','365','365','','','',NULL,NULL),(140,NULL,8,'366','366','366','366','366','366',NULL,'366','366','366','366','366',NULL,'366','366','366','366','','','',NULL,NULL),(141,NULL,8,'367','367','367','367','367','367',NULL,'367','367','367','367','367',NULL,'367','367','367','367','','','',NULL,NULL),(142,NULL,8,'368','368','368','368','368','368',NULL,'368','368','368','368','368',NULL,'368','368','368','368','','','',NULL,NULL),(143,NULL,8,'369','369','369','369','369','369',NULL,'369','369','369','369','369',NULL,'369','369','369','369','','','',NULL,NULL),(144,NULL,8,'370','370','370','370','370','370',NULL,'370','370','370','370','370',NULL,'370','370','370','370','','','',NULL,NULL),(145,NULL,8,'371','371','371','371','371','371',NULL,'371','371','371','371','371',NULL,'371','371','371','371','','','',NULL,NULL),(146,NULL,8,'372','372','372','372','372','372',NULL,'372','372','372','372','372',NULL,'372','372','372','372','','','',NULL,NULL),(147,NULL,9,'393','393','393','393','393','393',NULL,'393','393','393','393','393',NULL,'393','393','393','393','','','',NULL,NULL),(148,NULL,9,'394','394','394','394','394','394',NULL,'394','394','394','394','394',NULL,'394','394','394','394','','','',NULL,NULL),(149,NULL,9,'395','395','395','395','395','395',NULL,'395','395','395','395','395',NULL,'395','395','395','395','','','',NULL,NULL),(150,NULL,9,'396','396','396','396','396','396',NULL,'396','396','396','396','396',NULL,'396','396','396','396','','','',NULL,NULL),(151,NULL,9,'397','397','397','397','397','397',NULL,'397','397','397','397','397',NULL,'397','397','397','397','','','',NULL,NULL),(152,NULL,9,'398','398','398','398','398','398',NULL,'398','398','398','398','398',NULL,'398','398','398','398','','','',NULL,NULL),(153,NULL,9,'399','399','399','399','399','399',NULL,'399','399','399','399','399',NULL,'399','399','399','399','','','',NULL,NULL),(154,NULL,9,'400','400','400','400','400','400',NULL,'400','400','400','400','400',NULL,'400','400','400','400','','','',NULL,NULL),(155,NULL,9,'401','401','401','401','401','401',NULL,'401','401','401','401','401',NULL,'401','401','401','401','','','',NULL,NULL),(156,NULL,9,'402','402','402','402','402','402',NULL,'402','402','402','402','402',NULL,'402','402','402','402','','','',NULL,NULL),(157,NULL,9,'403','403','403','403','403','403',NULL,'403','403','403','403','403',NULL,'403','403','403','403','','','',NULL,NULL),(158,NULL,9,'404','404','404','404','404','404',NULL,'404','404','404','404','404',NULL,'404','404','404','404','','','',NULL,NULL),(159,NULL,9,'405','405','405','405','405','405',NULL,'405','405','405','405','405',NULL,'405','405','405','405','','','',NULL,NULL),(160,NULL,9,'406','406','406','406','406','406',NULL,'406','406','406','406','406',NULL,'406','406','406','406','','','',NULL,NULL),(161,NULL,9,'407','407','407','407','407','407',NULL,'407','407','407','407','407',NULL,'407','407','407','407','','','',NULL,NULL),(162,NULL,9,'408','408','408','408','408','408',NULL,'408','408','408','408','408',NULL,'408','408','408','408','','','',NULL,NULL),(163,NULL,9,'409','409','409','409','409','409',NULL,'409','409','409','409','409',NULL,'409','409','409','409','','','',NULL,NULL),(164,NULL,9,'410','410','410','410','410','410',NULL,'410','410','410','410','410',NULL,'410','410','410','410','','','',NULL,NULL),(165,NULL,9,'411','411','411','411','411','411',NULL,'411','411','411','411','411',NULL,'411','411','411','411','','','',NULL,NULL),(166,NULL,9,'412','412','412','412','412','412',NULL,'412','412','412','412','412',NULL,'412','412','412','412','','','',NULL,NULL),(167,NULL,10,'373','373','373','373','373','373',NULL,'373','373','373','373','373',NULL,'373','373','373','373','','','',NULL,NULL),(168,NULL,10,'374','374','374','374','374','374',NULL,'374','374','374','374','374',NULL,'374','374','374','374','','','',NULL,NULL),(169,NULL,10,'375','375','375','375','375','375',NULL,'375','375','375','375','375',NULL,'375','375','375','375','','','',NULL,NULL),(170,NULL,10,'376','376','376','376','376','376',NULL,'376','376','376','376','376',NULL,'376','376','376','376','','','',NULL,NULL),(171,NULL,10,'377','377','377','377','377','377',NULL,'377','377','377','377','377',NULL,'377','377','377','377','','','',NULL,NULL),(172,NULL,10,'378','378','378','378','378','378',NULL,'378','378','378','378','378',NULL,'378','378','378','378','','','',NULL,NULL),(173,NULL,10,'379','379','379','379','379','379',NULL,'379','379','379','379','379',NULL,'379','379','379','379','','','',NULL,NULL),(174,NULL,10,'380','380','380','380','380','380',NULL,'380','380','380','380','380',NULL,'380','380','380','380','','','',NULL,NULL),(175,NULL,10,'381','381','381','381','381','381',NULL,'381','381','381','381','381',NULL,'381','381','381','381','','','',NULL,NULL),(176,NULL,10,'382','382','382','382','382','382',NULL,'382','382','382','382','382',NULL,'382','382','382','382','','','',NULL,NULL),(177,NULL,10,'383','383','383','383','383','383',NULL,'383','383','383','383','383',NULL,'383','383','383','383','','','',NULL,NULL),(178,NULL,10,'384','384','384','384','384','384',NULL,'384','384','384','384','384',NULL,'384','384','384','384','','','',NULL,NULL),(179,NULL,10,'385','385','385','385','385','385',NULL,'385','385','385','385','385',NULL,'385','385','385','385','','','',NULL,NULL),(180,NULL,10,'386','386','386','386','386','386',NULL,'386','386','386','386','386',NULL,'386','386','386','386','','','',NULL,NULL),(181,NULL,10,'387','387','387','387','387','387',NULL,'387','387','387','387','387',NULL,'387','387','387','387','','','',NULL,NULL),(182,NULL,10,'388','388','388','388','388','388',NULL,'388','388','388','388','388',NULL,'388','388','388','388','','','',NULL,NULL),(183,NULL,10,'389','389','389','389','389','389',NULL,'389','389','389','389','389',NULL,'389','389','389','389','','','',NULL,NULL),(184,NULL,10,'390','390','390','390','390','390',NULL,'390','390','390','390','390',NULL,'390','390','390','390','','','',NULL,NULL),(185,NULL,10,'391','391','391','391','391','391',NULL,'391','391','391','391','391',NULL,'391','391','391','391','','','',NULL,NULL),(186,NULL,10,'392','392','392','392','392','392',NULL,'392','392','392','392','392',NULL,'392','392','392','392','','','',NULL,NULL),(187,NULL,11,'Philip','High','PHILIP S DIAMOND SHOP & DESIGN','OWNER','399753200','4341',NULL,'Philip','Philip','Philip','Philip','Philip',NULL,'Philip','Philip','Philip','Philip','','','',NULL,NULL),(188,NULL,11,'Alex','Toren','Cybercopy','MANAGER','399670460','4341',NULL,'Alex','Alex','Alex','Alex','Alex',NULL,'Alex','Alex','Alex','Alex','','','',NULL,NULL),(189,NULL,11,'Dera','Campbell','Anki','SENIOR DIRECTOR ','402355155','4341',NULL,'Dera','Dera','Dera','Dera','Dera',NULL,'Dera','Dera','Dera','Dera','','','',NULL,NULL),(190,NULL,11,'Sarah','Dauerman','DCK Worldwide','AUDIT STAFF ','401616351','4341',NULL,'Sarah','Sarah','Sarah','Sarah','Sarah',NULL,'Sarah','Sarah','Sarah','Sarah','','','',NULL,NULL),(191,NULL,11,'Chantel','Hatton','City of Jacksonville, Florida','RSVP PROGRAM COORDINATOR','118026915','4341',NULL,'Chantel','Chantel','Chantel','Chantel','Chantel',NULL,'Chantel','Chantel','Chantel','Chantel','','','',NULL,NULL),(192,NULL,11,'Janelle','T Steinberg','LOANSTAR HOME LENDING','SENIOR LOAN OFFICER ','401940220','4341',NULL,'Janelle','Janelle','Janelle','Janelle','Janelle',NULL,'Janelle','Janelle','Janelle','Janelle','','','',NULL,NULL),(193,NULL,11,'Deepak','Jain','SALESFORCE COM','STRATEGIC ACCOUNT MANAGER','403418412','4341',NULL,'Deepak','Deepak','Deepak','Deepak','Deepak',NULL,'Deepak','Deepak','Deepak','Deepak','','','',NULL,NULL),(194,NULL,11,'Dulce','Baranda','CEDARS-SINAI MEDICAL CENTER','SENIOR APPLICATION SPECIALIST','403422831','4341',NULL,'Dulce','Dulce','Dulce','Dulce','Dulce',NULL,'Dulce','Dulce','Dulce','Dulce','','','',NULL,NULL),(195,NULL,11,'Sam','Pung','AutoZone','OWNER','399771523','4341',NULL,'Sam','Sam','Sam','Sam','Sam',NULL,'Sam','Sam','Sam','Sam','','','',NULL,NULL),(196,NULL,11,'Darla','Martin','Huron Consulting Group Inc.','ASSOCIATE','191731963','4341',NULL,'Darla','Darla','Darla','Darla','Darla',NULL,'Darla','Darla','Darla','Darla','','','',NULL,NULL),(197,NULL,11,'Kanwarpreet','S Sethi','LANTANA CONSULTING GROUP','SENIOR SOFTWARE ARCHITECT ','401247064','4341',NULL,'Kanwarpreet','Kanwarpreet','Kanwarpreet','Kanwarpreet','Kanwarpreet',NULL,'Kanwarpreet','Kanwarpreet','Kanwarpreet','Kanwarpreet','','','',NULL,NULL),(198,NULL,11,'Frank','Bernier','Lansing Catholic Central High School','COLLEGE PLACEMENT COORDINATOR, WORKS','58468934','4341',NULL,'Frank','Frank','Frank','Frank','Frank',NULL,'Frank','Frank','Frank','Frank','','','',NULL,NULL),(199,NULL,11,'Liz','Brown-higdon','SHAW S OSCO PHARMACY','SITE MANAGER','399732462','4341',NULL,'Liz','Liz','Liz','Liz','Liz',NULL,'Liz','Liz','Liz','Liz','','','',NULL,NULL),(200,NULL,11,'Mike','Skibicki','JEEP HUT','CEO','399639540','4341',NULL,'Mike','Mike','Mike','Mike','Mike',NULL,'Mike','Mike','Mike','Mike','','','',NULL,NULL),(201,NULL,11,'Julie','Fitzwater','Vonco Products','CONTROLLER','399076536','4341',NULL,'Julie','Julie','Julie','Julie','Julie',NULL,'Julie','Julie','Julie','Julie','','','',NULL,NULL),(202,NULL,11,'Jill','Saulen','SULZER LTD','CUSTOMER SERVICE REPRESENTATIVE ','401875033','4341',NULL,'Jill','Jill','Jill','Jill','Jill',NULL,'Jill','Jill','Jill','Jill','','','',NULL,NULL),(203,NULL,11,'Denise','Thompson','PNC BANK','FOUNDER','403423013','4341',NULL,'Denise','Denise','Denise','Denise','Denise',NULL,'Denise','Denise','Denise','Denise','','','',NULL,NULL),(204,NULL,11,'Dan','Moldenhauer','Harte Hanks','ACCOUNT DIRECTOR','402298781','4341',NULL,'Dan','Dan','Dan','Dan','Dan',NULL,'Dan','Dan','Dan','Dan','','','',NULL,NULL),(205,NULL,11,'Alpheus','Seabi','INTERNATIONAL SOS','FINANCE DEPARTMENT','399042368','4341',NULL,'Alpheus','Alpheus','Alpheus','Alpheus','Alpheus',NULL,'Alpheus','Alpheus','Alpheus','Alpheus','','','',NULL,NULL),(206,NULL,11,'Alex','B Rainville','Vandenack Weaver','SUMMER ASSOCIATE ','402099952','4341',NULL,'Alex','Alex','Alex','Alex','Alex',NULL,'Alex','Alex','Alex','Alex','','','',NULL,NULL),(207,NULL,12,'Philip','High','PHILIP S DIAMOND SHOP & DESIGN','OWNER','jamshed.Farzand@gmail.com',NULL,NULL,'(319) 377-1899',NULL,NULL,'399753200','809122433',NULL,NULL,'IA','4341','United States','','','',NULL,NULL),(208,NULL,12,'Alex','Toren','Cybercopy','MANAGER','Ammadsamar@gmail.com',NULL,NULL,'(805) 381-9111',NULL,NULL,'399670460','809221605',NULL,NULL,'CA','4341','United States','','','',NULL,NULL),(209,NULL,12,'Dera','Campbell','Anki','SENIOR DIRECTOR ','mshafiq@gmail.com',NULL,NULL,'(415) 203-8536',NULL,NULL,'402355155','809204666',NULL,NULL,'CA','4341','United States','','','',NULL,NULL),(210,NULL,12,'Sarah','Dauerman','DCK Worldwide','AUDIT STAFF ','hector@gmail.com',NULL,NULL,'(614) 586-7141',NULL,NULL,'401616351','809161715',NULL,NULL,'PN','4341','United States','','','',NULL,NULL),(211,NULL,12,'Chantel','Hatton','City of Jacksonville, Florida','RSVP PROGRAM COORDINATOR','usman@td.biz',NULL,NULL,'(904) 807-2018',NULL,NULL,'118026915','809063884',NULL,NULL,'FL','4341','United States','','','',NULL,NULL),(212,NULL,12,'Janelle','T Steinberg','LOANSTAR HOME LENDING','SENIOR LOAN OFFICER ','jamshed.Farzand@gmail.com',NULL,NULL,'(425) 947-1961',NULL,NULL,'401940220','809182898',NULL,NULL,'TX','4341','United States','','','',NULL,NULL),(213,NULL,12,'Deepak','Jain','SALESFORCE COM','STRATEGIC ACCOUNT MANAGER','Ammadsamar@gmail.com',NULL,NULL,NULL,NULL,NULL,'403418412','809212304',NULL,NULL,'CA','4341','United States','','','',NULL,NULL),(214,NULL,12,'Dulce','Baranda','CEDARS-SINAI MEDICAL CENTER','SENIOR APPLICATION SPECIALIST','mshafiq@gmail.com',NULL,NULL,NULL,NULL,NULL,'403422831','809213877',NULL,NULL,'CA','4341','United States','','','',NULL,NULL),(215,NULL,12,'Sam','Pung','AutoZone','OWNER','hector@gmail.com',NULL,NULL,'(901) 495-6500',NULL,NULL,'399771523','809129492',NULL,NULL,'TN','4341','United States','','','',NULL,NULL),(216,NULL,12,'Darla','Martin','Huron Consulting Group Inc.','ASSOCIATE','usman@td.biz',NULL,NULL,'(312) 880-3513',NULL,NULL,'191731963','809067028',NULL,NULL,'IL','4341','United States','','','',NULL,NULL),(217,NULL,12,'Kanwarpreet','S Sethi','LANTANA CONSULTING GROUP','SENIOR SOFTWARE ARCHITECT ','jamshed.Farzand@gmail.com',NULL,NULL,'(215) 279-7831',NULL,NULL,'401247064','809139473',NULL,NULL,'VT','4341','United States','','','',NULL,NULL),(218,NULL,12,'Frank','Bernier','Lansing Catholic Central High School','COLLEGE PLACEMENT COORDINATOR, WORKS','Ammadsamar@gmail.com',NULL,NULL,'(517) 267-2111',NULL,NULL,'58468934','809062122',NULL,NULL,'MI','4341','United States','','','',NULL,NULL),(219,NULL,12,'Liz','Brown-higdon','SHAW S OSCO PHARMACY','SITE MANAGER','mshafiq@gmail.com',NULL,NULL,'(802) 655-2536',NULL,NULL,'399732462','809113471',NULL,NULL,'VT','4341','United States','','','',NULL,NULL),(220,NULL,12,'Mike','Skibicki','JEEP HUT','CEO','hector@gmail.com',NULL,NULL,'(706) 692-5488',NULL,NULL,'399639540','809081536',NULL,NULL,'GA','4341','United States','','','',NULL,NULL),(221,NULL,12,'Julie','Fitzwater','Vonco Products','CONTROLLER','usman@td.biz',NULL,NULL,'(847) 356-2323',NULL,NULL,'399076536','809077833',NULL,NULL,'IL','4341','United States','','','',NULL,NULL),(222,NULL,12,'Jill','Saulen','SULZER LTD','CUSTOMER SERVICE REPRESENTATIVE ','jamshed.Farzand@gmail.com',NULL,NULL,'(918) 446-6672',NULL,NULL,'401875033','809254322',NULL,NULL,'OK','4341','United States','','','',NULL,NULL),(223,NULL,12,'Denise','Thompson','PNC BANK','FOUNDER','Ammadsamar@gmail.com',NULL,NULL,NULL,NULL,NULL,'403423013','809213935',NULL,NULL,'OH','4341','United States','','','',NULL,NULL),(224,NULL,12,'Dan','Moldenhauer','Harte Hanks','ACCOUNT DIRECTOR','mshafiq@gmail.com',NULL,NULL,'(210) 829-9000',NULL,NULL,'402298781','809266640',NULL,NULL,'TX','4341','United States','','','',NULL,NULL),(225,NULL,12,'Alpheus','Seabi','INTERNATIONAL SOS','FINANCE DEPARTMENT','hector@gmail.com',NULL,NULL,'2711541109',NULL,NULL,'399042368','809073684',NULL,NULL,'PN','4341','United States','','','',NULL,NULL),(226,NULL,12,'Alex','B Rainville','Vandenack Weaver','SUMMER ASSOCIATE ','usman@td.biz',NULL,NULL,'(402) 964-2745',NULL,NULL,'402099952','809191518',NULL,NULL,'ME','4341','United States','','','',NULL,NULL),(227,NULL,13,'Philip','High','PHILIP S DIAMOND SHOP & DESIGN','OWNER','399753200','4341',NULL,'Philip','Philip','Philip','Philip','Philip',NULL,'Philip','Philip','Philip','Philip','','','',NULL,NULL),(228,NULL,13,'Alex','Toren','Cybercopy','MANAGER','399670460','4341',NULL,'Alex','Alex','Alex','Alex','Alex',NULL,'Alex','Alex','Alex','Alex','','','',NULL,NULL),(229,NULL,13,'Dera','Campbell','Anki','SENIOR DIRECTOR ','402355155','4341',NULL,'Dera','Dera','Dera','Dera','Dera',NULL,'Dera','Dera','Dera','Dera','','','',NULL,NULL),(230,NULL,13,'Sarah','Dauerman','DCK Worldwide','AUDIT STAFF ','401616351','4341',NULL,'Sarah','Sarah','Sarah','Sarah','Sarah',NULL,'Sarah','Sarah','Sarah','Sarah','','','',NULL,NULL),(231,NULL,13,'Chantel','Hatton','City of Jacksonville, Florida','RSVP PROGRAM COORDINATOR','118026915','4341',NULL,'Chantel','Chantel','Chantel','Chantel','Chantel',NULL,'Chantel','Chantel','Chantel','Chantel','','','',NULL,NULL),(232,NULL,13,'Janelle','T Steinberg','LOANSTAR HOME LENDING','SENIOR LOAN OFFICER ','401940220','4341',NULL,'Janelle','Janelle','Janelle','Janelle','Janelle',NULL,'Janelle','Janelle','Janelle','Janelle','','','',NULL,NULL),(233,NULL,13,'Deepak','Jain','SALESFORCE COM','STRATEGIC ACCOUNT MANAGER','403418412','4341',NULL,'Deepak','Deepak','Deepak','Deepak','Deepak',NULL,'Deepak','Deepak','Deepak','Deepak','','','',NULL,NULL),(234,NULL,13,'Dulce','Baranda','CEDARS-SINAI MEDICAL CENTER','SENIOR APPLICATION SPECIALIST','403422831','4341',NULL,'Dulce','Dulce','Dulce','Dulce','Dulce',NULL,'Dulce','Dulce','Dulce','Dulce','','','',NULL,NULL),(235,NULL,13,'Sam','Pung','AutoZone','OWNER','399771523','4341',NULL,'Sam','Sam','Sam','Sam','Sam',NULL,'Sam','Sam','Sam','Sam','','','',NULL,NULL),(236,NULL,13,'Darla','Martin','Huron Consulting Group Inc.','ASSOCIATE','191731963','4341',NULL,'Darla','Darla','Darla','Darla','Darla',NULL,'Darla','Darla','Darla','Darla','','','',NULL,NULL),(237,NULL,13,'Kanwarpreet','S Sethi','LANTANA CONSULTING GROUP','SENIOR SOFTWARE ARCHITECT ','401247064','4341',NULL,'Kanwarpreet','Kanwarpreet','Kanwarpreet','Kanwarpreet','Kanwarpreet',NULL,'Kanwarpreet','Kanwarpreet','Kanwarpreet','Kanwarpreet','','','',NULL,NULL),(238,NULL,13,'Frank','Bernier','Lansing Catholic Central High School','COLLEGE PLACEMENT COORDINATOR, WORKS','58468934','4341',NULL,'Frank','Frank','Frank','Frank','Frank',NULL,'Frank','Frank','Frank','Frank','','','',NULL,NULL),(239,NULL,13,'Liz','Brown-higdon','SHAW S OSCO PHARMACY','SITE MANAGER','399732462','4341',NULL,'Liz','Liz','Liz','Liz','Liz',NULL,'Liz','Liz','Liz','Liz','','','',NULL,NULL),(240,NULL,13,'Mike','Skibicki','JEEP HUT','CEO','399639540','4341',NULL,'Mike','Mike','Mike','Mike','Mike',NULL,'Mike','Mike','Mike','Mike','','','',NULL,NULL),(241,NULL,13,'Julie','Fitzwater','Vonco Products','CONTROLLER','399076536','4341',NULL,'Julie','Julie','Julie','Julie','Julie',NULL,'Julie','Julie','Julie','Julie','','','',NULL,NULL),(242,NULL,13,'Jill','Saulen','SULZER LTD','CUSTOMER SERVICE REPRESENTATIVE ','401875033','4341',NULL,'Jill','Jill','Jill','Jill','Jill',NULL,'Jill','Jill','Jill','Jill','','','',NULL,NULL),(243,NULL,13,'Denise','Thompson','PNC BANK','FOUNDER','403423013','4341',NULL,'Denise','Denise','Denise','Denise','Denise',NULL,'Denise','Denise','Denise','Denise','','','',NULL,NULL),(244,NULL,13,'Dan','Moldenhauer','Harte Hanks','ACCOUNT DIRECTOR','402298781','4341',NULL,'Dan','Dan','Dan','Dan','Dan',NULL,'Dan','Dan','Dan','Dan','','','',NULL,NULL),(245,NULL,13,'Alpheus','Seabi','INTERNATIONAL SOS','FINANCE DEPARTMENT','399042368','4341',NULL,'Alpheus','Alpheus','Alpheus','Alpheus','Alpheus',NULL,'Alpheus','Alpheus','Alpheus','Alpheus','','','',NULL,NULL),(246,NULL,13,'Alex','B Rainville','Vandenack Weaver','SUMMER ASSOCIATE ','402099952','4341',NULL,'Alex','Alex','Alex','Alex','Alex',NULL,'Alex','Alex','Alex','Alex','','','',NULL,NULL),(247,NULL,14,'Philip','High','PHILIP S DIAMOND SHOP & DESIGN','OWNER','399753200','4341',NULL,'Philip','Philip','Philip','Philip','Philip',NULL,'Philip','Philip','Philip','Philip','','','',NULL,NULL),(248,NULL,14,'Alex','Toren','Cybercopy','MANAGER','399670460','4341',NULL,'Alex','Alex','Alex','Alex','Alex',NULL,'Alex','Alex','Alex','Alex','','','',NULL,NULL),(249,NULL,14,'Dera','Campbell','Anki','SENIOR DIRECTOR ','402355155','4341',NULL,'Dera','Dera','Dera','Dera','Dera',NULL,'Dera','Dera','Dera','Dera','','','',NULL,NULL),(250,NULL,14,'Sarah','Dauerman','DCK Worldwide','AUDIT STAFF ','401616351','4341',NULL,'Sarah','Sarah','Sarah','Sarah','Sarah',NULL,'Sarah','Sarah','Sarah','Sarah','','','',NULL,NULL),(251,NULL,14,'Chantel','Hatton','City of Jacksonville, Florida','RSVP PROGRAM COORDINATOR','118026915','4341',NULL,'Chantel','Chantel','Chantel','Chantel','Chantel',NULL,'Chantel','Chantel','Chantel','Chantel','','','',NULL,NULL),(252,NULL,14,'Janelle','T Steinberg','LOANSTAR HOME LENDING','SENIOR LOAN OFFICER ','401940220','4341',NULL,'Janelle','Janelle','Janelle','Janelle','Janelle',NULL,'Janelle','Janelle','Janelle','Janelle','','','',NULL,NULL),(253,NULL,14,'Deepak','Jain','SALESFORCE COM','STRATEGIC ACCOUNT MANAGER','403418412','4341',NULL,'Deepak','Deepak','Deepak','Deepak','Deepak',NULL,'Deepak','Deepak','Deepak','Deepak','','','',NULL,NULL),(254,NULL,14,'Dulce','Baranda','CEDARS-SINAI MEDICAL CENTER','SENIOR APPLICATION SPECIALIST','403422831','4341',NULL,'Dulce','Dulce','Dulce','Dulce','Dulce',NULL,'Dulce','Dulce','Dulce','Dulce','','','',NULL,NULL),(255,NULL,14,'Sam','Pung','AutoZone','OWNER','399771523','4341',NULL,'Sam','Sam','Sam','Sam','Sam',NULL,'Sam','Sam','Sam','Sam','','','',NULL,NULL),(256,NULL,14,'Darla','Martin','Huron Consulting Group Inc.','ASSOCIATE','191731963','4341',NULL,'Darla','Darla','Darla','Darla','Darla',NULL,'Darla','Darla','Darla','Darla','','','',NULL,NULL),(257,NULL,14,'Kanwarpreet','S Sethi','LANTANA CONSULTING GROUP','SENIOR SOFTWARE ARCHITECT ','401247064','4341',NULL,'Kanwarpreet','Kanwarpreet','Kanwarpreet','Kanwarpreet','Kanwarpreet',NULL,'Kanwarpreet','Kanwarpreet','Kanwarpreet','Kanwarpreet','','','',NULL,NULL),(258,NULL,14,'Frank','Bernier','Lansing Catholic Central High School','COLLEGE PLACEMENT COORDINATOR, WORKS','58468934','4341',NULL,'Frank','Frank','Frank','Frank','Frank',NULL,'Frank','Frank','Frank','Frank','','','',NULL,NULL),(259,NULL,14,'Liz','Brown-higdon','SHAW S OSCO PHARMACY','SITE MANAGER','399732462','4341',NULL,'Liz','Liz','Liz','Liz','Liz',NULL,'Liz','Liz','Liz','Liz','','','',NULL,NULL),(260,NULL,14,'Mike','Skibicki','JEEP HUT','CEO','399639540','4341',NULL,'Mike','Mike','Mike','Mike','Mike',NULL,'Mike','Mike','Mike','Mike','','','',NULL,NULL),(261,NULL,14,'Julie','Fitzwater','Vonco Products','CONTROLLER','399076536','4341',NULL,'Julie','Julie','Julie','Julie','Julie',NULL,'Julie','Julie','Julie','Julie','','','',NULL,NULL),(262,NULL,14,'Jill','Saulen','SULZER LTD','CUSTOMER SERVICE REPRESENTATIVE ','401875033','4341',NULL,'Jill','Jill','Jill','Jill','Jill',NULL,'Jill','Jill','Jill','Jill','','','',NULL,NULL),(263,NULL,14,'Denise','Thompson','PNC BANK','FOUNDER','403423013','4341',NULL,'Denise','Denise','Denise','Denise','Denise',NULL,'Denise','Denise','Denise','Denise','','','',NULL,NULL),(264,NULL,14,'Dan','Moldenhauer','Harte Hanks','ACCOUNT DIRECTOR','402298781','4341',NULL,'Dan','Dan','Dan','Dan','Dan',NULL,'Dan','Dan','Dan','Dan','','','',NULL,NULL),(265,NULL,14,'Alpheus','Seabi','INTERNATIONAL SOS','FINANCE DEPARTMENT','399042368','4341',NULL,'Alpheus','Alpheus','Alpheus','Alpheus','Alpheus',NULL,'Alpheus','Alpheus','Alpheus','Alpheus','','','',NULL,NULL),(266,NULL,14,'Alex','B Rainville','Vandenack Weaver','SUMMER ASSOCIATE ','402099952','4341',NULL,'Alex','Alex','Alex','Alex','Alex',NULL,'Alex','Alex','Alex','Alex','','','',NULL,NULL),(267,'0036A00000RvOAaQAN',16,'Howard','Jones',NULL,'Buyer','info@salesforce.com',NULL,NULL,'(212) 555-5555','(212) 555-5555',NULL,'',NULL,NULL,'','','','',NULL,NULL,NULL,NULL,NULL),(268,'0036A00000RvOAcQAN',16,'Marc','Benioff',NULL,'Executive Officer','info@salesforce.com',NULL,NULL,'(415) 901-7000','(415) 901-7000',NULL,'',NULL,NULL,'','','','',NULL,NULL,NULL,NULL,NULL),(269,'0036A00000RvOAbQAN',16,'Leanne','Tomlin',NULL,'VP Customer Support','info@salesforce.com',NULL,NULL,'(212) 555-5555','(212) 555-5555',NULL,'',NULL,NULL,'','','','',NULL,NULL,NULL,NULL,NULL),(270,'0036A00000RvOAYQA3',16,'Jon','Amos',NULL,'Sales Manager','info@salesforce.com',NULL,NULL,'(905) 555-1212','(905) 555-1212',NULL,'',NULL,NULL,'','','','',NULL,NULL,NULL,NULL,NULL),(271,'0036A00000RvOAXQA3',16,'Carole','White',NULL,'VP Sales','info@salesforce.com',NULL,NULL,'(415) 555-1212','(415) 555-1212',NULL,'',NULL,NULL,'','','','',NULL,NULL,NULL,NULL,NULL),(272,'0036A00000RvOAWQA3',16,'Geoff','Minor',NULL,'President','info@salesforce.com',NULL,NULL,'(415) 555-1212','(415) 555-1212',NULL,'',NULL,NULL,'','','','',NULL,NULL,NULL,NULL,NULL),(273,'0036A00000RvOAZQA3',16,'Edward','Stamos',NULL,'President and CEO','info@salesforce.com',NULL,NULL,'(212) 555-5555','(212) 555-5555',NULL,'',NULL,NULL,'','','','',NULL,NULL,NULL,NULL,NULL);

/*Table structure for table `migrations` */

DROP TABLE IF EXISTS `migrations`;

CREATE TABLE `migrations` (
  `id` int(10) unsigned NOT NULL AUTO_INCREMENT,
  `migration` varchar(191) COLLATE utf8mb4_unicode_ci NOT NULL,
  `batch` int(11) NOT NULL,
  PRIMARY KEY (`id`)
) ENGINE=InnoDB AUTO_INCREMENT=29 DEFAULT CHARSET=utf8mb4 COLLATE=utf8mb4_unicode_ci;

/*Data for the table `migrations` */

insert  into `migrations`(`id`,`migration`,`batch`) values (1,'2014_10_12_000000_create_users_table',1),(2,'2014_10_12_100000_create_password_resets_table',1),(3,'2018_01_19_110712_create_batch_details_table',1),(4,'2018_01_19_111758_create_roles_table',1),(6,'2018_01_19_111827_create_order_batch_table',1),(7,'2018_01_19_134511_create_batch_status_table',2),(8,'2018_01_19_134603_create_batch_log_table',3),(9,'2018_01_19_134954_create_contact_health_table',3),(11,'2018_01_22_120842_add_disposition_column_to_order_bach_table',5),(12,'2018_01_23_145953_add_organization_column_to_order_batch_table',6),(13,'2018_01_19_111811_create_client_table',7),(14,'2018_01_30_155138_create_verify_users_table',8),(15,'2018_01_30_155346_add_verified_column_to_users_table',8),(16,'2018_01_31_153742_create_company_managers_table',9),(17,'2018_02_01_095428_add_instructions_column_to_batch_detail_table',10),(18,'2018_02_01_155448_add_status_id_column_to_batch_details_table',11),(19,'2018_02_07_144443_create_compare_data_table',12),(20,'2018_02_09_132102_add_disposition_column_to_compare_table',13),(21,'2018_02_09_164446_add_organization_column_to_compare_table',14),(22,'2018_02_12_113559_add_country_column_to_client_table',15),(23,'2018_02_12_114815_add_address1_column_to_client_table',16),(24,'2018_02_12_161948_create_content_batch_table',17),(25,'2018_02_13_090309_add_acount_status_column_to_users_table',18),(26,'2018_02_13_160244_create_permission_tables',19),(27,'2018_03_26_122525_create_sales_force_authenticate_table',19),(28,'2018_03_26_123842_add_user_id_column_to_sales_force_authenticate_table',19);

/*Table structure for table `model_has_permissions` */

DROP TABLE IF EXISTS `model_has_permissions`;

CREATE TABLE `model_has_permissions` (
  `permission_id` int(10) unsigned NOT NULL,
  `model_id` int(10) unsigned NOT NULL,
  `model_type` varchar(191) COLLATE utf8mb4_unicode_ci NOT NULL,
  PRIMARY KEY (`permission_id`,`model_id`,`model_type`),
  KEY `model_has_permissions_model_id_model_type_index` (`model_id`,`model_type`)
) ENGINE=MyISAM DEFAULT CHARSET=utf8mb4 COLLATE=utf8mb4_unicode_ci;

/*Data for the table `model_has_permissions` */

/*Table structure for table `model_has_roles` */

DROP TABLE IF EXISTS `model_has_roles`;

CREATE TABLE `model_has_roles` (
  `role_id` int(10) unsigned NOT NULL,
  `model_id` int(10) unsigned NOT NULL,
  `model_type` varchar(191) COLLATE utf8mb4_unicode_ci NOT NULL,
  PRIMARY KEY (`role_id`,`model_id`,`model_type`),
  KEY `model_has_roles_model_id_model_type_index` (`model_id`,`model_type`)
) ENGINE=MyISAM DEFAULT CHARSET=utf8mb4 COLLATE=utf8mb4_unicode_ci;

/*Data for the table `model_has_roles` */

/*Table structure for table `password_resets` */

DROP TABLE IF EXISTS `password_resets`;

CREATE TABLE `password_resets` (
  `email` varchar(191) COLLATE utf8mb4_unicode_ci NOT NULL,
  `token` varchar(191) COLLATE utf8mb4_unicode_ci NOT NULL,
  `created_at` timestamp NULL DEFAULT NULL,
  KEY `password_resets_email_index` (`email`)
) ENGINE=InnoDB DEFAULT CHARSET=utf8mb4 COLLATE=utf8mb4_unicode_ci;

/*Data for the table `password_resets` */

/*Table structure for table `permissions` */

DROP TABLE IF EXISTS `permissions`;

CREATE TABLE `permissions` (
  `id` int(10) unsigned NOT NULL AUTO_INCREMENT,
  `name` varchar(191) COLLATE utf8mb4_unicode_ci NOT NULL,
  `guard_name` varchar(191) COLLATE utf8mb4_unicode_ci NOT NULL,
  `created_at` timestamp NULL DEFAULT NULL,
  `updated_at` timestamp NULL DEFAULT NULL,
  PRIMARY KEY (`id`)
) ENGINE=MyISAM DEFAULT CHARSET=utf8mb4 COLLATE=utf8mb4_unicode_ci;

/*Data for the table `permissions` */

/*Table structure for table `role_has_permissions` */

DROP TABLE IF EXISTS `role_has_permissions`;

CREATE TABLE `role_has_permissions` (
  `permission_id` int(10) unsigned NOT NULL,
  `role_id` int(10) unsigned NOT NULL,
  PRIMARY KEY (`permission_id`,`role_id`),
  KEY `role_has_permissions_role_id_foreign` (`role_id`)
) ENGINE=MyISAM DEFAULT CHARSET=utf8mb4 COLLATE=utf8mb4_unicode_ci;

/*Data for the table `role_has_permissions` */

/*Table structure for table `roles` */

DROP TABLE IF EXISTS `roles`;

CREATE TABLE `roles` (
  `id` int(10) unsigned NOT NULL AUTO_INCREMENT,
  `name` varchar(191) COLLATE utf8mb4_unicode_ci NOT NULL,
  `guard_name` varchar(191) COLLATE utf8mb4_unicode_ci NOT NULL,
  `created_at` timestamp NULL DEFAULT NULL,
  `updated_at` timestamp NULL DEFAULT NULL,
  PRIMARY KEY (`id`)
) ENGINE=MyISAM DEFAULT CHARSET=utf8mb4 COLLATE=utf8mb4_unicode_ci;

/*Data for the table `roles` */

/*Table structure for table `sales_force_authenticate` */

DROP TABLE IF EXISTS `sales_force_authenticate`;

CREATE TABLE `sales_force_authenticate` (
  `id` int(10) unsigned NOT NULL AUTO_INCREMENT,
  `consumerKey` varchar(191) COLLATE utf8mb4_unicode_ci NOT NULL,
  `consumerSecret` varchar(191) COLLATE utf8mb4_unicode_ci NOT NULL,
  `access_token` varchar(191) COLLATE utf8mb4_unicode_ci DEFAULT NULL,
  `code` varchar(191) COLLATE utf8mb4_unicode_ci DEFAULT NULL,
  `id_token` text COLLATE utf8mb4_unicode_ci,
  `instance_url` varchar(191) COLLATE utf8mb4_unicode_ci DEFAULT NULL,
  `url_id` varchar(191) COLLATE utf8mb4_unicode_ci DEFAULT NULL,
  `signature` varchar(191) COLLATE utf8mb4_unicode_ci DEFAULT NULL,
  `issued_at` varchar(110) COLLATE utf8mb4_unicode_ci DEFAULT NULL,
  `user_id` int(11) NOT NULL,
  `created_at` timestamp NULL DEFAULT NULL,
  `updated_at` timestamp NULL DEFAULT NULL,
  PRIMARY KEY (`id`)
) ENGINE=MyISAM AUTO_INCREMENT=120 DEFAULT CHARSET=utf8mb4 COLLATE=utf8mb4_unicode_ci;

/*Data for the table `sales_force_authenticate` */

insert  into `sales_force_authenticate`(`id`,`consumerKey`,`consumerSecret`,`access_token`,`code`,`id_token`,`instance_url`,`url_id`,`signature`,`issued_at`,`user_id`,`created_at`,`updated_at`) values (1,'','','','','','','0','','0000-00-00 00:00:00',0,NULL,NULL),(2,'','','','','','','0','','0000-00-00 00:00:00',0,NULL,NULL),(3,'','','','','','','0','','0000-00-00 00:00:00',0,NULL,NULL),(4,'','','','','','','0','','0000-00-00 00:00:00',0,NULL,NULL),(5,'','','','','','','0','','0000-00-00 00:00:00',0,NULL,NULL),(6,'','','','','','','0','','0000-00-00 00:00:00',0,NULL,NULL),(7,'','','','','','','0','','0000-00-00 00:00:00',0,NULL,NULL),(8,'','','','','','','0','','0000-00-00 00:00:00',0,NULL,NULL),(9,'','','','','','','0','','0000-00-00 00:00:00',0,NULL,NULL),(10,'','','','','','','0','','0000-00-00 00:00:00',0,NULL,NULL),(11,'','','','','','','0','','0000-00-00 00:00:00',0,NULL,NULL),(12,'','','','','','','0','','0000-00-00 00:00:00',0,NULL,NULL),(13,'','','','','','','0','','0000-00-00 00:00:00',0,NULL,NULL),(14,'','','','','','','0','','0000-00-00 00:00:00',0,NULL,NULL),(15,'','','','','','','0','','0000-00-00 00:00:00',0,NULL,NULL),(16,'','','','','','','0','','0000-00-00 00:00:00',0,NULL,NULL),(17,'','','','','','','0','','0000-00-00 00:00:00',0,NULL,NULL),(18,'','','','','','','0','','0000-00-00 00:00:00',0,NULL,NULL),(19,'','','','','','','0','','0000-00-00 00:00:00',0,NULL,NULL),(20,'','','','','','','0','','0000-00-00 00:00:00',0,NULL,NULL),(21,'','','','','','','0','','0000-00-00 00:00:00',0,NULL,NULL),(22,'','','','','','','0','','0000-00-00 00:00:00',0,NULL,NULL),(23,'','','','','','','0','','0000-00-00 00:00:00',0,NULL,NULL),(24,'','','','','','','0','','0000-00-00 00:00:00',0,NULL,NULL),(25,'','','','','','','0','','0000-00-00 00:00:00',0,NULL,NULL),(26,'','','','','','','0','','0000-00-00 00:00:00',0,NULL,NULL),(27,'','','','','','','0','','0000-00-00 00:00:00',0,NULL,NULL),(28,'','','','','','','0','','0000-00-00 00:00:00',0,NULL,NULL),(29,'','','','','','','0','','0000-00-00 00:00:00',0,NULL,NULL),(30,'','','','','','','0','','0000-00-00 00:00:00',0,NULL,NULL),(31,'','','','','','','0','','0000-00-00 00:00:00',0,NULL,NULL),(32,'','','','','','','0','','0000-00-00 00:00:00',0,NULL,NULL),(33,'','','','','','','0','','0000-00-00 00:00:00',0,NULL,NULL),(34,'','','','','','','0','','0000-00-00 00:00:00',0,NULL,NULL),(35,'','','','','','','0','','0000-00-00 00:00:00',0,NULL,NULL),(36,'','','','','','','0','','0000-00-00 00:00:00',0,NULL,NULL),(37,'','','','','','','0','','0000-00-00 00:00:00',0,NULL,NULL),(38,'','','','','','','0','','0000-00-00 00:00:00',0,NULL,NULL),(39,'','','','','','','0','','0000-00-00 00:00:00',0,NULL,NULL),(40,'','','','','','','0','','0000-00-00 00:00:00',0,NULL,NULL),(41,'','','','','','','0','','0000-00-00 00:00:00',0,NULL,NULL),(42,'','','','','','','0','','0000-00-00 00:00:00',0,NULL,NULL),(43,'','','','','','','0','','0000-00-00 00:00:00',0,NULL,NULL),(44,'','','','','','','0','','0000-00-00 00:00:00',0,NULL,NULL),(45,'','','','','','','0','','0000-00-00 00:00:00',0,NULL,NULL),(46,'','','','','','','0','','0000-00-00 00:00:00',0,NULL,NULL),(47,'','','','','','','0','','0000-00-00 00:00:00',0,NULL,NULL),(48,'','','','','','','0','','0000-00-00 00:00:00',0,NULL,NULL),(49,'','','','','','','0','','0000-00-00 00:00:00',0,NULL,NULL),(50,'','','','','','','0','','0000-00-00 00:00:00',0,NULL,NULL),(51,'','','','','','','0','','0000-00-00 00:00:00',0,NULL,NULL),(52,'','','','','','','0','','0000-00-00 00:00:00',0,NULL,NULL),(53,'','','','','','','0','','0000-00-00 00:00:00',0,NULL,NULL),(54,'','','','','','','0','','0000-00-00 00:00:00',0,NULL,NULL),(55,'','','','','','','0','','0000-00-00 00:00:00',0,NULL,NULL),(56,'','','','','','','0','','0000-00-00 00:00:00',0,NULL,NULL),(57,'','','','','','','0','','0000-00-00 00:00:00',0,NULL,NULL),(58,'','','','','','','0','','0000-00-00 00:00:00',0,NULL,NULL),(59,'','','','','','','0','','0000-00-00 00:00:00',0,NULL,NULL),(60,'','','','','','','0','','0000-00-00 00:00:00',0,NULL,NULL),(61,'','','','','','','0','','0000-00-00 00:00:00',0,NULL,NULL),(62,'','','','','','','0','','0000-00-00 00:00:00',0,NULL,NULL),(63,'','','','','','','0','','0000-00-00 00:00:00',0,NULL,NULL),(64,'','','','','','','0','','0000-00-00 00:00:00',0,NULL,NULL),(65,'','','','','','','0','','0000-00-00 00:00:00',0,NULL,NULL),(66,'','','','','','','0','','0000-00-00 00:00:00',0,NULL,NULL),(67,'','','','','','','0','','0000-00-00 00:00:00',0,NULL,NULL),(68,'','','','','','','0','','0000-00-00 00:00:00',0,NULL,NULL),(69,'','','','','','','0','','0000-00-00 00:00:00',0,NULL,NULL),(70,'','','','','','','0','','0000-00-00 00:00:00',0,NULL,NULL),(71,'','','','','','','0','','0000-00-00 00:00:00',0,NULL,NULL),(72,'','','','','','','0','','0000-00-00 00:00:00',0,NULL,NULL),(73,'','','','','','','0','','0000-00-00 00:00:00',0,NULL,NULL),(74,'','','','','','','0','','0000-00-00 00:00:00',0,NULL,NULL),(75,'','','','','','','0','','0000-00-00 00:00:00',0,NULL,NULL),(76,'','','','','','','0','','0000-00-00 00:00:00',0,NULL,NULL),(77,'','','','','','','0','','0000-00-00 00:00:00',0,NULL,NULL),(78,'','','','','','','0','','0000-00-00 00:00:00',0,NULL,NULL),(79,'','','','','','','0','','0000-00-00 00:00:00',0,NULL,NULL),(80,'','','','','','','0','','0000-00-00 00:00:00',0,NULL,NULL),(81,'','','','','','','0','','0000-00-00 00:00:00',0,NULL,NULL),(82,'','','','','','','0','','0000-00-00 00:00:00',0,NULL,NULL),(83,'','','','','','','0','','0000-00-00 00:00:00',0,NULL,NULL),(84,'','','','','','','0','','0000-00-00 00:00:00',0,NULL,NULL),(85,'','','','','','','0','','0000-00-00 00:00:00',0,NULL,NULL),(86,'','','','','','','0','','0000-00-00 00:00:00',0,NULL,NULL),(87,'','','','','','','0','','0000-00-00 00:00:00',0,NULL,NULL),(88,'','','','','','','0','','0000-00-00 00:00:00',0,NULL,NULL),(89,'','','','','','','0','','0000-00-00 00:00:00',0,NULL,NULL),(90,'','','','','','','0','','0000-00-00 00:00:00',0,NULL,NULL),(91,'','','','','','','0','','0000-00-00 00:00:00',0,NULL,NULL),(92,'','','','','','','0','','0000-00-00 00:00:00',0,NULL,NULL),(93,'','','','','','','0','','0000-00-00 00:00:00',0,NULL,NULL),(94,'','','','','','','0','','0000-00-00 00:00:00',0,NULL,NULL),(95,'','','','','','','0','','0000-00-00 00:00:00',0,NULL,NULL),(96,'','','','','','','0','','0000-00-00 00:00:00',0,NULL,NULL),(97,'','','','','','','0','','0000-00-00 00:00:00',0,NULL,NULL),(98,'','','','','','','0','','0000-00-00 00:00:00',0,NULL,NULL),(99,'','','','','','','0','','0000-00-00 00:00:00',0,NULL,NULL),(100,'','','','','','','0','','0000-00-00 00:00:00',0,NULL,NULL),(101,'','','','','','','0','','0000-00-00 00:00:00',0,NULL,NULL),(102,'','','','','','','0','','0000-00-00 00:00:00',0,NULL,NULL),(103,'','','','','','','0','','0000-00-00 00:00:00',0,NULL,NULL),(104,'','','','','','','0','','0000-00-00 00:00:00',0,NULL,NULL),(105,'','','','','','','0','','0000-00-00 00:00:00',0,NULL,NULL),(106,'','','','','','','0','','0000-00-00 00:00:00',0,NULL,NULL),(107,'','','','','','','0','','0000-00-00 00:00:00',0,NULL,NULL),(108,'','','','','','','0','','0000-00-00 00:00:00',0,NULL,NULL),(109,'','','','','','','0','','0000-00-00 00:00:00',0,NULL,NULL),(110,'','','','','','','0','','0000-00-00 00:00:00',0,NULL,NULL),(111,'','','','','','','0','','0000-00-00 00:00:00',0,NULL,NULL),(112,'','','','','','','0','','0000-00-00 00:00:00',0,NULL,NULL),(113,'','','','','','','0','','0000-00-00 00:00:00',0,NULL,NULL),(114,'','','','','','','0','','0000-00-00 00:00:00',0,NULL,NULL),(115,'','','','','','','0','','0000-00-00 00:00:00',0,NULL,NULL),(116,'','','','','','','0','','0000-00-00 00:00:00',0,NULL,NULL),(117,'','','','','','','0','','0000-00-00 00:00:00',0,NULL,NULL),(118,'','','','','','','0','','0000-00-00 00:00:00',0,NULL,NULL),(119,'3MVG9CEn_O3jvv0wmF.cHMsIcXpMbgLInRvSPF_770aqc6E929sz2ReVWP4LniVpVtU1HtUTx.JufxQhSCiZn','4309417190548860830','00D6A000003ABvp!ARgAQJKY7lYtWAOIroRx53RMewwieeN6XgMQwb63gJMfC4OqFRI7poaopyVblYTq0UQ2nL5LhZj97Hq6Hu25wQVPIibp4lEw','aPrxPGj_8oB..iSC1vUOcsTcUINVCiH4O3gWr1cvaDllH3gNRCE980DXctyvXfo9oL.m16qoLA==','eyJraWQiOiIyMTQiLCJ0eXAiOiJKV1QiLCJhbGciOiJSUzI1NiJ9.eyJhdF9oYXNoIjoiVzF3cURPaUhSVTM3R2d4Vkw4dEJWQSIsInN1YiI6Imh0dHBzOi8vbG9naW4uc2FsZXNmb3JjZS5jb20vaWQvMDBENkEwMDAwMDNBQnZwVUFHLzAwNTZBMDAwMDAyRkhLOVFBTyIsImF1ZCI6IjNNVkc5Q0VuX08zanZ2MHdtRi5jSE1zSWNYcE1iZ0xJblJ2U1BGXzc3MGFxYzZFOTI5c3oyUmVWV1A0TG5pVnBWdFUxSHRVVHguSnVmeFFoU0NpWm4iLCJpc3MiOiJodHRwczovL2xvZ2luLnNhbGVzZm9yY2UuY29tIiwiZXhwIjoxNTMzMTQ5ODAyLCJpYXQiOjE1MzMxNDk2ODJ9.iaL_LkLYk-K_6necZz5dJWNFw8JqxH9ayZu2_mu2_X3gOxsuLU7Qg2szL91fAQmYCjoRsqstI0pvSQCvKERx7vHZs_-g1dMYjqCCD2RfScvYdAE2D-wE6MFzmiDf0nIwQxbD9DcH4quh_3M_30j9NTghzAI6oIAzl0Gf_21Y2GJ_Ts7OoMLM-3vQwjFzV2p8MErSYOiFH2rgGu8dFeOCXIaSYPW67OwzRcF8u6pNtX3GW9dQrybYm6IeB8rnDxkHyXvrebENTP2qEd4GIISInDG98kRfl5AC3_U0fu1-VkwICvdCBvk7pFuhuAsqjW9d-u_AOunGb_jAI1Gj_SexvDdwA_WDQLC7YD0naN1cBFIZrGNvns_X0eohNKqYaTiXdieV-IdT8ySoQS86FrDsGhCyfnjysc560-Ap-Ih1R7lRVpBlYp3r0fiIAHXcePD6CICfPyVA7eBK5ogvvnWzF-EJInsNr_lcAgXfMPi-M23t0FvHHSfFKe-zr8XDtUo-TSQGCp7xeJ3JVqc0C8405Y9liC-GNqfHL3iHnFOV_ND61qdh2N91zqz_U7ysiWqgF1XAa0fBymn7BJ5F88MFGvgN1Y1EVtQC8R5jbLQcxXP66iCLNUw3IH0vHhDvkVQQmwWWej0VgXriyeQtMxiA__O5Gmn1f_LCvCiLgp6sBRI','https://na50.salesforce.com','https://login.salesforce.com/id/00D6A000003ABvpUAG/0056A000002FHK9QAO','xTb3qqpKSCBWD2tcGv+OUNBtuDEf3/5MDoEMpYSFnt8=','1533149682125',21,NULL,NULL);

/*Table structure for table `users` */

DROP TABLE IF EXISTS `users`;

CREATE TABLE `users` (
  `id` int(10) unsigned NOT NULL AUTO_INCREMENT,
  `first_name` varchar(191) COLLATE utf8mb4_unicode_ci NOT NULL,
  `last_name` varchar(191) COLLATE utf8mb4_unicode_ci NOT NULL,
  `email` varchar(191) COLLATE utf8mb4_unicode_ci NOT NULL,
  `verified` tinyint(1) NOT NULL DEFAULT '0',
  `acount_status` int(11) NOT NULL DEFAULT '0',
  `password` varchar(191) COLLATE utf8mb4_unicode_ci DEFAULT NULL,
  `role_id` int(11) NOT NULL,
  `client_id` int(11) NOT NULL DEFAULT '0',
  `remember_token` varchar(100) COLLATE utf8mb4_unicode_ci DEFAULT NULL,
  `created_at` timestamp NULL DEFAULT NULL,
  `updated_at` timestamp NULL DEFAULT NULL,
  PRIMARY KEY (`id`),
  UNIQUE KEY `users_email_unique` (`email`)
) ENGINE=InnoDB AUTO_INCREMENT=58 DEFAULT CHARSET=utf8mb4 COLLATE=utf8mb4_unicode_ci;

/*Data for the table `users` */

insert  into `users`(`id`,`first_name`,`last_name`,`email`,`verified`,`acount_status`,`password`,`role_id`,`client_id`,`remember_token`,`created_at`,`updated_at`) values (1,'Admin','hecki','hecki@gmail.com',1,1,'$2y$10$tUA.sCfAoy79skle6L/ou.qPKEANVyoT0nTBSA7kN02sz167HsQ.2',1,0,'768VweWCDkZeMIemDWU1IUmKgk5Cn8mIaFIPcsr2mHKWeEfIfpr0WmdCLiVf',NULL,NULL),(25,'Hecki','last','last@gmail.com',1,1,'$2y$10$CVhZckFC6OtVkPAbukZuoeWZ472CJRtgMc8qoG4Xb/dZpVt7S6lKO',2,0,'Iav68rJUohGHogJWbZyzHhiKZTYvSUvmTcqjCtQcJSfwgg39wYJi4TBvOC4z','2018-01-23 14:34:33','2018-02-12 11:21:18'),(26,'manager','last','manager@gmail.com',1,1,'$2y$10$CVhZckFC6OtVkPAbukZuoeWZ472CJRtgMc8qoG4Xb/dZpVt7S6lKO',2,0,'RsB9AyoNE10rbCA8093WxpULMaMwsxTvf7Jq1u9c51K0KGAYeSfw3YjqzZoI','2018-01-23 14:37:25','2018-02-12 11:06:54'),(47,'Client','Client','heckias47@gmail.com',1,1,'$2y$10$awqsL2FvU3jhUk4Wwdy8RuyJnBUO1Iwf/BmHhXldmYIJ0dgR5sCv.',5,21,'IFk5VBoiN601P6ACOsbis0ptYhJih2uFcW1x59aJFT8nHwbsEJJ2WnshIdJ1','2018-01-30 18:14:06','2018-02-12 11:21:24'),(54,'I am','Admin','admin@gmail.com',1,1,'$2y$10$nE5Upk/bErB6BYyu0xk7ZeP3gcoUPh/JxuWiTh99395c.3Bcc4Vlq',4,0,'mUJIeu75X6qmebXBrJuH6RGNL81w7pafVVI4YrIy7XXiVv3AzIer9bflDCQF','2018-02-06 15:50:17','2018-02-12 11:08:05'),(55,'hecki','al','almajoun@gmail.com',0,1,NULL,5,35,NULL,'2018-03-16 03:26:36','2018-03-16 03:26:36'),(56,'shabaz','javed','ammad@transdata.biz',0,1,NULL,5,36,NULL,'2018-07-31 15:01:00','2018-07-31 15:01:00'),(57,'shabaz','javed','raza.imran@transdata.biz',0,1,NULL,5,37,NULL,'2018-07-31 15:01:23','2018-07-31 15:01:23');

/*Table structure for table `users_roles` */

DROP TABLE IF EXISTS `users_roles`;

CREATE TABLE `users_roles` (
  `id` int(10) unsigned NOT NULL AUTO_INCREMENT,
  `role` varchar(191) COLLATE utf8mb4_unicode_ci NOT NULL,
  `created_at` timestamp NOT NULL DEFAULT CURRENT_TIMESTAMP ON UPDATE CURRENT_TIMESTAMP,
  PRIMARY KEY (`id`)
) ENGINE=InnoDB AUTO_INCREMENT=7 DEFAULT CHARSET=utf8mb4 COLLATE=utf8mb4_unicode_ci;

/*Data for the table `users_roles` */

insert  into `users_roles`(`id`,`role`,`created_at`) values (1,'Super-Admin','2018-01-29 22:42:10'),(2,'Manager','2018-01-22 22:16:04'),(3,'QA-Agent','2018-01-22 22:16:04'),(4,'Admin','2018-01-22 22:16:04'),(5,'Client','2018-01-22 22:16:04'),(6,'Agent','2018-01-22 22:16:04');

/*Table structure for table `validate_email` */

DROP TABLE IF EXISTS `validate_email`;

CREATE TABLE `validate_email` (
  `id` int(11) NOT NULL AUTO_INCREMENT,
  `email` varchar(191) COLLATE utf8_unicode_ci NOT NULL,
  `order_id` varchar(191) COLLATE utf8_unicode_ci NOT NULL,
  PRIMARY KEY (`id`)
) ENGINE=MyISAM AUTO_INCREMENT=81 DEFAULT CHARSET=utf8 COLLATE=utf8_unicode_ci;

/*Data for the table `validate_email` */

insert  into `validate_email`(`id`,`email`,`order_id`) values (1,'Philip','1'),(2,'Alex','1'),(3,'Dera','1'),(4,'Sarah','1'),(5,'Chantel','1'),(6,'Janelle','1'),(7,'Deepak','1'),(8,'Dulce','1'),(9,'Sam','1'),(10,'Darla','1'),(11,'Kanwarpreet','1'),(12,'Frank','1'),(13,'Liz','1'),(14,'Mike','1'),(15,'Julie','1'),(16,'Jill','1'),(17,'Denise','1'),(18,'Dan','1'),(19,'Alpheus','1'),(20,'Alex','1'),(21,'Philip','2'),(22,'Alex','2'),(23,'Dera','2'),(24,'Sarah','2'),(25,'Chantel','2'),(26,'Janelle','2'),(27,'Deepak','2'),(28,'Dulce','2'),(29,'Sam','2'),(30,'Darla','2'),(31,'Kanwarpreet','2'),(32,'Frank','2'),(33,'Liz','2'),(34,'Mike','2'),(35,'Julie','2'),(36,'Jill','2'),(37,'Denise','2'),(38,'Dan','2'),(39,'Alpheus','2'),(40,'Alex','2'),(41,'jamshed.Farzand@gmail.com','3'),(42,'Ammadsamar@gmail.com','3'),(43,'mshafiq@gmail.com','3'),(44,'hector@gmail.com','3'),(45,'usman@td.biz','3'),(46,'jamshed.Farzand@gmail.com','3'),(47,'Ammadsamar@gmail.com','3'),(48,'mshafiq@gmail.com','3'),(49,'hector@gmail.com','3'),(50,'usman@td.biz','3'),(51,'jamshed.Farzand@gmail.com','3'),(52,'Ammadsamar@gmail.com','3'),(53,'mshafiq@gmail.com','3'),(54,'hector@gmail.com','3'),(55,'usman@td.biz','3'),(56,'jamshed.Farzand@gmail.com','3'),(57,'Ammadsamar@gmail.com','3'),(58,'mshafiq@gmail.com','3'),(59,'hector@gmail.com','3'),(60,'usman@td.biz','3'),(61,'jamshed.Farzand@gmail.com','4'),(62,'Ammadsamar@gmail.com','4'),(63,'mshafiq@gmail.com','4'),(64,'hector@gmail.com','4'),(65,'usman@td.biz','4'),(66,'jamshed.Farzand@gmail.com','4'),(67,'Ammadsamar@gmail.com','4'),(68,'mshafiq@gmail.com','4'),(69,'hector@gmail.com','4'),(70,'usman@td.biz','4'),(71,'jamshed.Farzand@gmail.com','4'),(72,'Ammadsamar@gmail.com','4'),(73,'mshafiq@gmail.com','4'),(74,'hector@gmail.com','4'),(75,'usman@td.biz','4'),(76,'jamshed.Farzand@gmail.com','4'),(77,'Ammadsamar@gmail.com','4'),(78,'mshafiq@gmail.com','4'),(79,'hector@gmail.com','4'),(80,'usman@td.biz','4');

/*Table structure for table `verify_users` */

DROP TABLE IF EXISTS `verify_users`;

CREATE TABLE `verify_users` (
  `id` int(11) NOT NULL AUTO_INCREMENT,
  `user_id` int(11) NOT NULL,
  `token` varchar(191) COLLATE utf8mb4_unicode_ci NOT NULL,
  `created_at` timestamp NULL DEFAULT NULL,
  `updated_at` timestamp NULL DEFAULT NULL,
  PRIMARY KEY (`id`)
) ENGINE=InnoDB AUTO_INCREMENT=29 DEFAULT CHARSET=utf8mb4 COLLATE=utf8mb4_unicode_ci;

/*Data for the table `verify_users` */

insert  into `verify_users`(`id`,`user_id`,`token`,`created_at`,`updated_at`) values (1,34,'MZApOOcwUzKBk8wUurr4Gqnzl1WKeAyHMeXvItKL','2018-01-29 18:12:06','2018-01-29 18:12:06'),(2,35,'jeDmo1ZgSLUVWMM86lE9m8npPSYF3zhrVMot5MBo','2018-01-29 18:14:57','2018-01-29 18:14:57'),(3,36,'D6ejMOAqF6s3x7c400yJXpX3OpWF1hB1v35mfnXG','2018-01-29 18:18:11','2018-01-29 18:18:11'),(4,37,'RdELw66BDou19IUdZn7dnjHiVGuzgtYOIQmzaPbn','2018-01-29 18:24:35','2018-01-29 18:24:35'),(5,38,'WIkPcJIOH1L8kFn9rAfCv8FHVmGoCC9rt63WNBEh','2018-01-29 18:27:24','2018-01-29 18:27:24'),(7,1,'WIkPcJIOH1L8kFn9rAfCv8FHVmGoCC9rt63WNBEh\r\n','2018-01-29 02:00:00',NULL),(8,39,'A0gBEUNYLmrLR2Fn3YFoIeEhUCviCW1KVsr0GeCN','2018-01-29 18:35:39','2018-01-29 18:35:39'),(9,40,'kMMRn6Co1FGzA2ERTXmwYT87WDoDX1ngP3ZdHeye','2018-01-30 11:31:27','2018-01-30 11:31:27'),(10,41,'QgL13JYxJN2jiNwi1uYtqxhMsVkTNUmnF3hEABxZ','2018-01-30 13:10:35','2018-01-30 13:10:35'),(11,42,'7muohaiB5ckRRdGxx7sE0KGXJbMOxTdWcsdKWWVU','2018-01-30 13:16:24','2018-01-30 13:16:24'),(12,43,'d3Dm6Cvqa2fauh5uCz5kfHjR4Mxca6gfsllrkq6N','2018-01-30 14:42:10','2018-01-30 14:42:10'),(13,44,'Rnj39pilSSv9CsJaq01Rb5n8BAUgP6iErE2Q32Ad','2018-01-30 14:47:45','2018-01-30 14:47:45'),(14,46,'unZ7fvTuUsN8cOwrUICwGuO5Y5nCJuA95NlnOMli','2018-01-30 18:07:38','2018-01-30 18:07:38'),(15,47,'LleK149DYpVdwYSohtIqbHjjj9Huer3jqjKhgeGu','2018-01-30 18:14:06','2018-01-30 18:14:06'),(16,49,'mZiz8qRuws7zy4G2Ux3CNGZFcz3EtqTBnVfOKVVk','2018-02-01 12:38:38','2018-02-01 12:38:38'),(17,50,'kCvcVY7MwmKsPsJUQtM90RLcxm3x1rjxs9p1osmx','2018-02-01 13:17:30','2018-02-01 13:17:30'),(18,52,'1dk0vA8mbyxxAIik1xS9YINIKBOEXdeEqnWNCuXQ','2018-02-01 14:20:20','2018-02-01 14:20:20'),(19,55,'aCcsaclSvyNLzuGC7WWkYqGDObxRocMrSazAAgDK','2018-02-08 18:10:06','2018-02-08 18:10:06'),(20,56,'q9e2GsznCTe6R4fjhEqXxmORDi79Wcl5OoYdeA7K','2018-02-08 19:08:20','2018-02-08 19:08:20'),(21,60,'DwOhHk9gn0DKrgLoW7YSsWP0gXuphLnmBJ41j3v3','2018-02-11 13:10:09','2018-02-11 13:10:09'),(22,61,'jt5eE7JMfDh1kHhaew68CkH5IvVZnELnMDFWmdjZ','2018-02-11 13:28:09','2018-02-11 13:28:09'),(23,62,'X0FZQfxa0lpc8BxobQ22iWvNiuIoTtVM6A1Cs5rN','2018-02-11 13:42:07','2018-02-11 13:42:07'),(24,63,'GqQsQtJa1BcFyuvVaKLPWJxgqii0967GUHWjsd0E','2018-02-11 14:04:53','2018-02-11 14:04:53'),(25,65,'suTU0l99wiCV2JUlP8kl96pGatewfS7EYmUvEHAp','2018-02-11 14:25:35','2018-02-11 14:25:35'),(26,55,'DkOCclKlvQIIyFG6QZImWhvFcZjb4WItEkhNopks','2018-03-16 03:26:36','2018-03-16 03:26:36'),(27,56,'pduPQvkPbxQrFOq8iidKvXOkiojTlK96b0kgaNf3','2018-07-31 15:01:00','2018-07-31 15:01:00'),(28,57,'z0YabpWIhWVctkL4GEZzb2u1B0HN8jSjlk88HhEd','2018-07-31 15:01:23','2018-07-31 15:01:23');

/*!40101 SET SQL_MODE=@OLD_SQL_MODE */;
/*!40014 SET FOREIGN_KEY_CHECKS=@OLD_FOREIGN_KEY_CHECKS */;
